assemblyID,tracker_sample_name,correctSpecies,CorrectEcotype,Species,genotype_info,altName,lifeHistory,technology,source,notes
ASM2160514v1,NA,Aegilops bicornis,TB01,Aegilops bicornis,TB01,NA,annual,Oxford Nanopore PromethION,NCBI,
Aegilops_cylindrica,NA,Aegilops cylindrica,merged,Aegilops cylindrica,merged,NA,annual,Illumina,SRA,
SRR2219562,NA,Aegilops geniculata,NA,Aegilops geniculata,NA,NA,annual,Illumina,SRA,
ASM2160520v1,NA,Aegilops longissima,TL01,Aegilops longissima,TL01,NA,annual,Oxford Nanopore PromethION,NCBI,
aegilops_longissima_6782_assembly,NA,Aegilops longissima,NA,Aegilops longissima,NA,NA,annual,NA,NCBI,
Aegilops_markgrafii,NA,Aegilops markgrafii,merged,Aegilops markgrafii,merged,NA,annual,Illumina,SRA,
ASM2160518v1,NA,Aegilops searsii,TE01,Aegilops searsii,TE01,NA,annual,Oxford Nanopore PromethION,NCBI,
aegilops_sharonensis_1644_assembly,NA,Aegilops sharonensis,NA,Aegilops sharonensis,NA,NA,annual,NA,NCBI,
ASM2164183v1,NA,Aegilops sharonensis,TH01,Aegilops sharonensis,TH01,NA,annual,Oxford Nanopore PromethION,NCBI,
ASM2143724v1,NA,Aegilops speltoides,TS01,Aegilops speltoides,TS01,NA,annual,Oxford Nanopore PromethION,NCBI,
aegilops_speltoides_cv_tivon,NA,Aegilops speltoides,speltoides,Aegilops speltoides,speltoides,NA,annual,NA,NCBI,
Aet_v5.0,NA,Aegilops tauschii,strangulata_AL8/78,Aegilops tauschii,strangulata_AL8/78,NA,annual,PacBio,NCBI,
Aegilops_triuncialis,NA,Aegilops triuncialis,merged,Aegilops triuncialis,merged,NA,annual,Illumina,SRA,
ASM3246443v1,NA,Aegilops umbellulata,TA1851,Aegilops umbellulata,TA1851,NA,annual,PacBio Sequel,NCBI,
ERR7747980,NA,Aegilops ventricosa,NA,Aegilops ventricosa,NA,NA,annual,Illumina,SRA,
Agropyron_cristatum,NA,Agropyron cristatum,merged,Agropyron cristatum,merged,NA,perennial,Illumina,SRA,contaminated
SRR18685846,NA,Alloteropsis angusta,NA,Alloteropsis angusta,NA,NA,perennial,Illumina,SRA,
AANG_UGA4,NA,Alloteropsis angusta,AANG4-8,Alloteropsis angusta,AANG4-8,NA,perennial,Illumina HiSeq,NCBI,
Alloteropsis_cimicina,NA,Alloteropsis cimicina,merged,Alloteropsis cimicina,merged,NA,annual,Illumina,SRA,
ASEM_AUS1_V1.0,NA,Alloteropsis semialata,AUS1-1,Alloteropsis semialata,AUS1-1,NA,perennial,Illumina HiSeq; PacBio,NCBI,
TAN1-04B,NA,Alloteropsis semialata,TAN1-04,Alloteropsis semialata,TAN1-04,NA,perennial,Illumina HiSeq; PacBio,NCBI,
RSA5-3,NA,Alloteropsis semialata,RSA5-03,Alloteropsis semialata,RSA5-03,NA,perennial,Illumina HiSeq; PacBio,NCBI,
ZAM1505-10,NA,Alloteropsis semialata,ZAM1505-10,Alloteropsis semialata,ZAM1505-10,NA,perennial,Illumina HiSeq; PacBio,NCBI,
Alomy_genome_v1,NA,Alopecurus myosuroides,Rothamsted,Alopecurus myosuroides,Rothamsted,NA,annual,PacBio Sequel,NCBI,
DE01087.PacbioCLRassembly,NA,Alopecurus myosuroides,NA,Alopecurus myosuroides,NA,NA,annual,PacBio Sequel I,NCBI,
SRR17037945,NA,Amblyopyrum muticum,NA,Amblyopyrum muticum,NA,NA,NA,Illumina,SRA,
KIB_Aluo_1,NA,Ampelocalamus luodianensis,GZH07,Ampelocalamus luodianensis,GZH07,NA,perennial,Oxford Nanopore PromethION,NCBI,
AN22TNTL030,AN22TNTL030,Anadelphia polychaeta,Haba 1195,Anadelphia polychaeta,NA,NA,annual,Illumina,PanAnd,
AN21TNTL0087,AN21TNTL0087,Anadelphia scyphofera,Bidgood et al 5500,Anadelphia scyphofera,Bidgood et al 5500,NA,annual,Illumina,PanAnd,
MCRTL031,AT20TN1MCRTL031,Anadelphia scyphofera,Pasquet 1237,Anadelphia scyphofera,Pasquet 1237,NA,annual,Illumina,PanAnd,
AN21TSTL0285,AN21TSTL0285,Anadelphia trepidaria,J.G. Adam 31646,Anadelphia trepidaria,J.G. Adam 31646,NA,annual,Illumina,PanAnd,
AN22TNTL149,AN22TNTL149,Anadelphia trispiculata,J.K. Morton SL1422,Anadelphia trispiculata,NA,NA,perennial,Illumina,PanAnd,
AN20T168,AN20TSCR000168,Andropogon amethystinus,MSV 1622,Andropogon amethystinus,MSV 1622,NA,perennial,Illumina,PanAnd,
MCRTL036,AT20TN1MCRTL036,Andropogon andringitrensis,NOP 89,Andropogon andringitrensis,NOP 89,NA,perennial,Illumina,PanAnd,
AN22TNTL109,AN22TNTL109,Andropogon angustatus,"SD Koch, PA Fryxell, D Altman 87217",Andropogon angustatus,NA,NA,perennial,Illumina,PanAnd,
MCRTL045,AT20TN1MCRTL045,"""Andropogon"" appendiculatus",D.B. Muller 812,Andropogon appendiculatus,D.B. Muller 812,NA,perennial,Illumina,PanAnd,
AN21TSTL0183,AN21TSTL0183,Omit,Omit,Andropogon arctatus,AUB 130,NA,perennial,Illumina,PanAnd,
AN21TSTL0242,AN21TSTL0242,Anatherum arenarium,GA Norrmann 139,Andropogon arenarius,GA Norrmann 139,NA,perennial,Illumina,PanAnd,
AN22TNTL031,AN22TNTL031,Andropogon aridus,Mckinnon 251,Andropogon aridus,NA,NA,perennial,Illumina,PanAnd,
AN22TNTL108,AN22TNTL108,Andropogon auriculatus,JJFE de Wilde 10116,Andropogon auriculatus,NA,NA,perennial,Illumina,PanAnd,
AN21TNTL0177,AN20TSCR000209,Anatherum bicorne,AUB & Bookout 110,Andropogon bicornis,AUB & Bookout 110,NA,perennial,Illumina,PanAnd,
AN21TSTL0179,AN21TSTL0179,Anatherum bicorne,AUB & Bookout 110,Andropogon bicornis,AUB 110,NA,perennial,Illumina,PanAnd,
AN21TSTL0217,AN21TSTL0217,Bothriochloa saccharoides,PI 202212,Andropogon bicornis,AUB & Bookout 110,NA,perennial,Illumina,PanAnd,
AN21TS04,AN21TSTL0004,Anatherum brachystachyum,AUB 123,Andropogon brachystachyus,AUB 123,NA,perennial,Illumina,PanAnd,
AN22TNTL113,AN22TNTL113,"""Andropogon"" brazzae",SA Renvoize 5670,Andropogon brazzae,NA,NA,perennial,Illumina,PanAnd,
Ab-Traiperm_572-DRAFT-PanAnd-1.0,NA,Andropogon burmanicus,Traiperm_572,Andropogon burmanicus,NA,NA,perennial,PacBio,PanAnd,
AN21TNTL0076,AN21TNTL0076,Andropogon campestris,Chase 7977,Andropogon campestris,Chase 7977,NA,perennial,Illumina,PanAnd,
AN21TS35,AN21TSTL0035,Anatherum capillipes,AUB 134,Andropogon capillipes,AUB 134,NA,NA,Illumina,PanAnd,
AN22TNTL110,AN22TNTL110,Andropogon carinatus,ML Fonseca et al 1223,Andropogon carinatus,NA,NA,perennial,Illumina,PanAnd,
Ac-Pasquet1232-DRAFT-PanAnd-1.0,NA,Andropogon chinensis,Pasquet1232,Andropogon chinensis,NA,NA,perennial,PacBio,PanAnd,
AN22TNTL123,AN22TNTL123,Andropogon chrysostachyus,"YS Abeid, S Machaga, S Zabron, G Picton-Phillips 2801",Andropogon chrysostachyus,NA,NA,perennial,Illumina,PanAnd,
AN21TSTL0243,AN21TSTL0243,Andropogon crossotos,E. Bisset 177,Andropogon crossotos,E. Bisset 177,NA,perennial,Illumina,PanAnd,
AN22TNTL171,AN22TNTL171,Andropogon crossotos,E. Bisset 177,Andropogon crossotos,NA,NA,perennial,Illumina,PanAnd,
AN22TNTL026,AN22TNTL026,Andropogon crucianus,RM Harley 15771,Andropogon crucianus,NA,NA,perennial,Illumina,PanAnd,
AN22TNTL125,AN22TNTL125,Anatherum curvifolium,"P Houngnon, P Agbani, H Yadomonhan 6116",Andropogon curvifolius,NA,NA,perennial,Illumina,PanAnd,
AN22TNTL122,AN22TNTL122,"""Andropogon"" durifolius","WR Anderson, M Stieber, JH Kirkbride Jr 35221",Andropogon durifolius,NA,NA,perennial,Illumina,PanAnd,
AN20T169,AN20TSCR000169,Anatherum eucomum subsp. huillense,Nanjarisoa 116,Andropogon eucomus,NOP 116_huillensis,NA,perennial,Illumina,PanAnd,
AN20T021,AN20TSCR000202,Anatherum eucomum subsp. huillense,NOP 116,Andropogon eucomus,NOP 116_huillensis,NA,perennial,Illumina,PanAnd,
AN22TNTL111,AN22TNTL111,Anatherum eucomum,Dan Turk & M beck 363,Andropogon eucomus,NA,NA,perennial,Illumina,PanAnd,
AN22TNTL121,AN22TNTL121,Andropogon exaratus,"E Zardini, R Vel�zquez 26545",Andropogon exaratus,NA,NA,perennial,Illumina,PanAnd,
AN21TS24,AN21TSTL0024,Anatherum floridanum,AUB 120,Andropogon floridanus,AUB 120,NA,perennial,Illumina,PanAnd,
AN21TNTL0074,AN21TNTL0074,Andropogon gayanus var. bisquamulatus,,Andropogon gayanus,C.C.H. Jongkind 2476_bisquamulatus,NA,perennial,Illumina,PanAnd,
AN21TSTL0184,AN21TSTL0184,Anatherum glomeratum,KEW 210731,Andropogon gayanus,KEW 60051,NA,perennial,Illumina,PanAnd,
Ag-CAM1351-DRAFT-PanAnd-1.0,NA,Andropogon gerardii,CAM1351,Andropogon gerardii,NA,NA,perennial,PacBio,PanAnd,
AN21TNTL0105,AN21TNTL0105,Anatherum glaucophyllum,Schinini & Dematteis 33379,Andropogon glaucophyllus,Schinini & Dematteis 33379,NA,perennial,Illumina,PanAnd,
AN21TSTL0185,AN21TSTL0185,Andropogon gayanus,KEW 60051,Andropogon glomeratus,KEW 210731,NA,perennial,Illumina,PanAnd,
AN21TNTL0077,AN21TNTL0077,Andropogon greenwayi,P. Peterson 24307,Andropogon greenwayi,P. Peterson 24307,NA,perennial,Illumina,PanAnd,
AN21TSTL0246,AN21TSTL0246,Anatherum gyrans,KEW 516798,Andropogon gyrans,KEW 516798,NA,perennial,Illumina,PanAnd,
AN21TSTL0247,AN21TSTL0247,Andropogon hallii,PI 674828,Andropogon hallii,PI 674828,NA,perennial,Illumina,PanAnd,
MCRTL041,AT20TN1MCRTL041,Andropogon heterantherus,Helen Fauckon 3561,Andropogon heterantherus,Helen Fauckon 3561,NA,perennial,Illumina,PanAnd,
AN22TNTL118,AN22TNTL118,Andropogon hypogynus,"D Alvarenga, RC Mendon�a, MLM Azevedo, E Cardoso, M Aparecida da Silva 1139",Andropogon hypogynus,NA,NA,perennial,Illumina,PanAnd,
AN20T170,AN20TSCR000170,Anatherum ibityense,Vorontsova 1013,Andropogon ibityensis,MSV 1013,NA,perennial,Illumina,PanAnd,
AN20T022,AN20TSCR000222,Anatherum ibityense,MSV 1013,Andropogon ibityensis,MSV 1013,NA,perennial,Illumina,PanAnd,
AN21TNTL0111,AN21TNTL0111,Andropogon ingratus,Giulietti et al 7329,Andropogon ingratus,Giulietti et al 7329,NA,perennial,Illumina,PanAnd,
AN20T039,AN20TSCR000206,Anatherum ivohibense,RGD 181,Andropogon itremoensis,MSV 1987,NA,perennial,Illumina,PanAnd,
MCRTL057,AT20TN1MCRTL057,Andropogon itremoensis,NOP 125,Andropogon itremoensis,NOP 125,NA,perennial,Illumina,PanAnd,
AN20T172,AN20TSCR000172,Anatherum ivohibense,Ratovonirina 181,Andropogon ivohibensis,RGD 181,NA,perennial,Illumina,PanAnd,
AN20T036,AN20TSCR000205,Andropogon itremoensis,MSV 1987,Andropogon ivohibensis,RGD 181,NA,perennial,Illumina,PanAnd,
MCRTL065,AT20TN1MCRTL065,Andropogon ivorensis,H. Jacques-Felix 8602,Andropogon ivorensis,H. Jacques-Felix 8602,NA,perennial,Illumina,PanAnd,
AT20TN1MCRTL046,AT20TN1MCRTL046,Andropogon kelleri,C.F. Hemming 2168,Andropogon kelleri,C.F. Hemming 2168,NA,perennial,Illumina,PanAnd,
AN21TS52,AN21TSTL0052,Anatherum laterale,Welker 390,Andropogon lateralis,Welker 390,NA,perennial,Illumina,PanAnd,
MCRTL051,AT20TN1MCRTL051,Andropogon leprodes,P.e. Glover & Gilliland 1067,Andropogon leprodes,P.e. Glover & Gilliland 1067,NA,perennial,Illumina,PanAnd,
AN21TSTL0056,AN21TSTL0056,Anatherum leucostachyum,Welker 374,Andropogon leucostachyus,Welker 374,NA,perennial,Illumina,PanAnd,
AN21TNTL0112,AN21TNTL0112,Andropogon lima,Katende 911,Andropogon lima,Katende 911,NA,perennial,Illumina,PanAnd,
MCRTL047,AT20TN1MCRTL047,Cymbopogon lividus,T.R. Soderstrom; S. Kulatunge 1669,Andropogon lividus,T.R. Soderstrom; S. Kulatunge 1669,NA,perennial,Illumina,PanAnd,
MCRTL068,AT20TN1MCRTL068,Anatherum longiberbe,C.S. Campbell 4091,Andropogon longiberbis,C.S. Campbell 4091,NA,perennial,Illumina,PanAnd,
AN21TS53,AN21TSTL0053,Anatherum macrothrix,Welker 351-A,Andropogon macrothrix,Welker 351-A,NA,NA,Illumina,PanAnd,
AN22TNTL117,AN22TNTL117,"""Andropogon"" mannii",Pasquet 1272,Andropogon mannii,NA,NA,perennial,Illumina,PanAnd,
AN22TNTL116,AN22TNTL116,Anatherum mohrii,McDaniel & Brooks 20967,Andropogon mohrii,NA,NA,NA,Illumina,PanAnd,
AN21TSTL0187,AN21TSTL0187,Schizachyrium delavayi,NA,Andropogon munroi,PI 657649,NA,perennial,Illumina,PanAnd,
AN21TSTL0036,AN21TSTL0036,Hyparrhenia sp.,Kew 437613,Andropogon perligulatus,Kew 437613,NA,perennial,Illumina,PanAnd,
AN21TNTL0075,AN21TNTL0075,Anatherum pringlei,P.M. Peterson 19125,Andropogon pringlei,P.M. Peterson 19125,NA,perennial,Illumina,PanAnd,
AN21TS02,AN21TSTL0002,Andropogon pseudapricus,Kew 183921,Andropogon pseudapricus,Kew 183921,NA,annual,Illumina,PanAnd,
MCRTL058,AT20TN1MCRTL058,Andropogon pumilus,K.T.B. Hodd 248,Andropogon pumilus,K.T.B. Hodd 248,NA,annual,Illumina,PanAnd,
AN21TS50,AN21TSTL0050,Andropogon schirensis,Pasquet s.n.,Andropogon schirensis,Pasquet s.n.,NA,perennial,Illumina,PanAnd,
AN21TS57,AN21TSTL0057,Anatherum selloanum,Welker 356,Andropogon selloanus,Welker 356,NA,perennial,Illumina,PanAnd,
AN20T004,AN20TSCR000198,Andropogon sp.,AUB & Bookout 108,Andropogon sp.,AUB & Bookout 108,NA,NA,Illumina,PanAnd,
AN21TSTL0218,AN21TSTL0218,Bothriochloa radicans,PI 301713,Andropogon sp.,AUB 133,NA,perennial,Illumina,PanAnd,
AN21TSTL0186,AN21TSTL0186,Anatherum arctatum,AUB 130,Andropogon tectorum,KEW 246600,NA,perennial,Illumina,PanAnd,
AN21TS17,AN21TSTL0017,Anatherum ternarium,W6 54786,Andropogon ternarius,WG 54786,NA,perennial,Illumina,PanAnd,
AN21TS54,AN21TSTL0054,Andropogon ternatus,Welker 355-A,Andropogon ternatus,Welker 355-A,NA,perennial,Illumina,PanAnd,
MCRTL044,AT20TN1MCRTL044,Andropogon textilis,D. Vesey-Fitzgerald 1500,Andropogon textilis,D. Vesey-Fitzgerald 1500,NA,perennial,Illumina,PanAnd,
AN20T035,AN20TSCR000204,Anatherum trichozygum,MSV 1925,Andropogon trichozygus,MSV 1925,NA,perennial,Illumina,PanAnd,
AN21TS55,AN21TSTL0055,Andropogon virgatus,Welker 404,Andropogon virgatus,Welker 404,NA,perennial,Illumina,PanAnd,
Av-Kellogg1287_8-REFERENCE-PanAnd-1.0,NA,Anatherum virginicum,Kellogg1287,Anatherum virginicum,NA,Andropogon virginicus,perennial,PacBio,PanAnd,
MCRTL032,AT20TN1MCRTL032,Andropterum stolzii,JKM 270,Andropterum stolzii,JKM 270,NA,perennial,Illumina,PanAnd,
AN21TS31,AN21TSTL0031,Apluda mutica,PI 219568,Apluda mutica,PI 219568,NA,perennial,Illumina,PanAnd,
AN20T174,AN20TSCR000174,Arthraxon antsirabensis,NOP 217,Arthraxon antsirabensis,NOP 217,NA,annual,Illumina,PanAnd,
AN22TNTL028,AN22TNTL028,Arthraxon cuspidatus,Mcheish 1369,Arthraxon cuspidatus,NA,NA,annual,Illumina,PanAnd,
AN21TSTL0188,AN21TSTL0188,Arthraxon hispidus,IC 5,Arthraxon hispidus,IC 5,NA,annual,Illumina,PanAnd,
AN21TS30,AN21TSTL0030,Arthraxon junnarensis,Kew 88886,Arthraxon junnarensis,Kew 88886,NA,annual,Illumina,PanAnd,
AN21TNTL0107,AN21TNTL0107,Arthraxon lanceolatus,Heybroek 2101,Arthraxon lanceolatus,Heybroek 2101,NA,annual,Illumina,PanAnd,
AN21TNTL0106,AN21TNTL0106,Arthraxon lancifolius,Gilbert and Thulin 952,Arthraxon lancifolius,Gilbert and Thulin 952,NA,annual,Illumina,PanAnd,
AN21TNTL0108,AN21TNTL0108,Arthraxon meeboldii,Santapau SJ 10033,Arthraxon meeboldii,Santapau SJ 10033,NA,annual,Illumina,PanAnd,
AN21TNTL0109,AN21TNTL0109,Arthraxon microphyllus,JRI Wood 5802,Arthraxon microphyllus,JRI Wood 5802,NA,annual,Illumina,PanAnd,
AN21TSTL0232,AN21TSTL0232,Arthraxon microphyllus,Traiperm 537,Arthraxon microphyllus,Traiperm 537,NA,annual,Illumina,PanAnd,
AN21TSTL0241,AN21TSTL0241,Arthraxon prionodes,RJ Rodin 5582,Arthraxon prionodes,RJ Rodin 5582,NA,perennial,Illumina,PanAnd,
AN22TNTL170,AN22TNTL170,Arthraxon prionodes,RJ Rodin 5582,Arthraxon prionodes,NA,NA,perennial,Illumina,PanAnd,
Avena_agadiriana,NA,Avena agadiriana,merged,Avena agadiriana,merged,NA,annual,other_shortread,SRA,
Avena_atlantica_CC7277_v1_assembly,NA,Avena atlantica,CC7277,Avena atlantica,CC7277,NA,annual,NA,NCBI,
SRR15096507,NA,Avena barbata,NA,Avena barbata,NA,NA,annual,other_shortread,SRA,
SRR6056491,NA,Avena brevis,NA,Avena brevis,NA,NA,annual,Illumina,SRA,
SRR23019076,NA,Avena byzantina,NA,Avena byzantina,NA,NA,annual,other_shortread,SRA,
Avena_canariensis,NA,Avena canariensis,merged,Avena canariensis,merged,NA,annual,Illumina,SRA,
Avena_clauda,NA,Avena clauda,merged,Avena clauda,merged,NA,annual,Illumina,SRA,
Avena_damascena,NA,Avena damascena,merged,Avena damascena,merged,NA,annual,Illumina,SRA,
Avena_eriantha_BYU132_v1_assembly,NA,Avena eriantha,BYU132,Avena eriantha,BYU132,NA,annual,NA,NCBI,
SRR23019254,NA,Avena fatua,NA,Avena fatua,NA,NA,annual,other_shortread,SRA,
Avena_hirtula,NA,Avena hirtula,merged,Avena hirtula,merged,NA,annual,Illumina,SRA,
ASM2361440v1,NA,Avena insularis,CN 108634,Avena insularis,CN 108634,NA,annual,PromethION,NCBI,
Avena_insularis_BYU209_v1_assembly,NA,Avena insularis,NA,Avena insularis,NA,NA,annual,NA,NCBI,
ASM3006302v1,NA,Avena longiglumis,447,Avena longiglumis,447,NA,annual,Illumina NovaSeq; Oxford Nanopore PromethION,NCBI,
Avena_longiglumis_CN58138_v1_assembly,NA,Avena longiglumis,CN 58138,Avena longiglumis,CN 58138,NA,annual,NA,NCBI,
Avena_lusitanica,NA,Avena lusitanica,merged,Avena lusitanica,merged,NA,annual,Illumina,SRA,
SRR14867315,NA,Avena maroccana,NA,Avena maroccana,NA,NA,annual,other_shortread,SRA,
SRR14924115,NA,Avena murphyi,NA,Avena murphyi,NA,NA,annual,other_shortread,SRA,
SRR23019086,NA,Avena nuda,NA,Avena nuda,NA,NA,annual,other_shortread,SRA,
SRR23019235,NA,Avena occidentalis,NA,Avena occidentalis,NA,NA,annual,other_shortread,SRA,
Oat_OT3098_v2,NA,Avena sativa,NA,Avena sativa,NA,NA,annual,NA,NCBI,
ASM2364667v1,NA,Avena sativa,Sanfensan,Avena sativa,Sanfensan,NA,annual,PromethION,NCBI,
Avena_sativa_cv_Sang_v1_assembly,NA,Avena sativa,Sang,Avena sativa,Sang,NA,annual,NA,NCBI,
RSPBVictoria1.0,NA,Avena sativa,Victoria,Avena sativa,Victoria,NA,annual,PacBio,NCBI,
SRR23019232,NA,Avena sterilis,NA,Avena sterilis,NA,NA,annual,other_shortread,SRA,
ERR5945840,NA,Avena strigosa,NA,Avena strigosa,NA,NA,annual,Illumina,SRA,
SRR14914973,NA,Avena ventricosa,NA,Avena ventricosa,NA,NA,annual,Illumina,SRA,
Avena_wiestii,NA,Avena wiestii,merged,Avena wiestii,merged,NA,annual,Illumina,SRA,
SRR13627099,NA,Bambusa albolineata,NA,Bambusa albolineata,NA,NA,perennial,other_shortread,SRA,
SRR18907695,NA,Bambusa grandis,NA,Bambusa grandis,NA,NA,perennial,other_shortread,SRA,
KIB_Bamp_2,NA,Bonia amplexicaulis,Liujx17006,Bonia amplexicaulis,Liujx17006,NA,perennial,Oxford Nanopore PromethION,NCBI,
AN21TSTL0190,AN21TSTL0190,Bothriochloa alta,PI 204128,Bothriochloa alta,PI 204128,NA,perennial,Illumina,PanAnd,
AN21TSTL0191,AN21TSTL0191,Cymbopogon pospischilii,PI 276030,Bothriochloa barbinodis,PI 204138,NA,perennial,Illumina,PanAnd,
AN21TSTL0276,AN21TSTL0276,Bothriochloa bladhii,PI 208915,Bothriochloa bladhii,PI 208915,NA,perennial,Illumina,PanAnd,
AN21TSTL0240,AN21TSTL0240,Bothriochloa campii,Laegaard 19758,Bothriochloa campii,Laegaard 19758,NA,perennial,Illumina,PanAnd,
AN22TNTL169,AN22TNTL169,Bothriochloa campii,Laegaard 19758,Bothriochloa campii,NA,NA,perennial,Illumina,PanAnd,
AN20T014,AN20TSCR000200,Bothriochloa decipiens,PIF9999,Bothriochloa decipiens,AQ0562299,NA,perennial,Illumina,PanAnd,
ASM2333362v1,NA,Bothriochloa decipiens,Australia_COB1_7,Bothriochloa decipiens,Australia_COB1_7,NA,perennial,Illumina HiSeq,NCBI,
AN21TSTL0277,AN21TSTL0277,Bothriochloa edwardsiana,PI 321436,Bothriochloa edwardsiana,PI 321436,NA,perennial,Illumina,PanAnd,
AN21TSTL0278,AN21TSTL0278,Bothriochloa ewartiana,PI 300723,Bothriochloa ewartiana,PI 300723,NA,perennial,Illumina,PanAnd,
AN21TSTL0189,AN21TSTL0189,Bothriochloa exaristata,PI 203721,Bothriochloa exaristata,PI 203721,NA,perennial,Illumina,PanAnd,
AN21TSTL0279,AN21TSTL0279,Bothriochloa grahamii,PI 241498,Bothriochloa grahamii,PI 241498,NA,perennial,Illumina,PanAnd,
AN21TNTL0081,AN21TNTL0081,Bothriochloa hirtifolia,Sanchez-Ken 209,Bothriochloa hirtifolia,Sanchez-Ken 209,NA,perennial,Illumina,PanAnd,
AN21TNTL0082,AN21TNTL0082,Bothriochloa hirtifolia,Tenorio L. 17835,Bothriochloa hirtifolia,Tenorio L. 17835,NA,perennial,Illumina,PanAnd,
AN22TNTL126,AN22TNTL126,Bothriochloa hirtifolia,Sanchez-Ken 209,Bothriochloa hirtifolia,NA,NA,perennial,Illumina,PanAnd,
AN21TSTL0280,AN21TSTL0280,Bothriochloa hybrida,PI 321437,Bothriochloa hybrida,PI 321437,NA,perennial,Illumina,PanAnd,
AN21TNTL0079,AN21TNTL0079,Bothriochloa imperatoides,A.A. Beetle 1291 (seed collected by Gould),Bothriochloa imperatoides,A.A. Beetle 1291 (seed collected by Gould),NA,perennial,Illumina,PanAnd,
A1010002,NA,Bothriochloa insculpta,NA,Bothriochloa insculpta,NA,NA,perennial,Illumina,PanAnd,
AN21TSTL0281,AN21TSTL0281,Bothriochloa ischaemum,PI 172373,Bothriochloa ischaemum,PI 172373,NA,perennial,Illumina,PanAnd,
Bl-K1279B-DRAFT-PanAnd-1.0,NA,Bothriochloa laguroides,K1279B,Bothriochloa laguroides,NA,NA,perennial,PacBio,PanAnd,
AN21TS58,AN21TSTL0058,Bothriochloa longipaniculata,Welker 590,Bothriochloa longipaniculata,Welker 590,NA,perennial,Illumina,PanAnd,
AN21TNTL0175,AN20TSCR000234,Bothriochloa macra,AUB 23,Bothriochloa macra,AUB 23,NA,perennial,Illumina,PanAnd,
AN21TSTL0271,AN21TSTL0271,Bothriochloa macra,PI 301274,Bothriochloa macra,PI 301274,NA,perennial,Illumina,PanAnd,
AN20TSCR000199,AN20TSCR000199,Bothriochloa pertusa,AUB & Bookout 104,Bothriochloa pertusa,AUB & Bookout 104,NA,perennial,Illumina,PanAnd,
AN21TSTL0219,AN21TSTL0219,Anatherum longiberbe,AUB 133,Bothriochloa radicans,PI 301713,NA,perennial,Illumina,PanAnd,
AN21TSTL0220,AN21TSTL0220,Anatherum bicorne,AUB & Bookout 110,Bothriochloa saccharoides,PI 202212,NA,perennial,Illumina,PanAnd,
AN21TNTL0085,AN21TNTL0085,Bothriochloa springfieldii,Saucedo 788,Bothriochloa springfieldii,Saucedo 788,NA,perennial,Illumina,PanAnd,
AN21TSTL0221,AN21TSTL0221,Eriochrysis cayennensis,AUB & Bookout 109,Bothriochloa springfieldii,PI 216163,NA,perennial,Illumina,PanAnd,
AN21TNTL0083,AN21TNTL0083,Bothriochloa torreyana,Lyonnet 451000020,Bothriochloa torreyana,Lyonnet 451000020,NA,perennial,Illumina,PanAnd,
AN21TSTL0222,AN21TSTL0222,Sorghum arundinaceum,AUB & Bookout 106,Bothriochloa woodrovii,PI 301732,NA,perennial,Illumina,PanAnd,
BdistachyonTek_4_332_v1,NA,Brachypodium distachyon,Tek-4,Brachypodium distachyon,Tek-4,NA,annual,Illumina,JGI,
Brachypodium_distachyon_v3.0,NA,Brachypodium distachyon,Bd21,Brachypodium distachyon,Bd21,NA,annual,ABI 3739,NCBI,
ASM289233v1,NA,Brachypodium distachyon,BdTR10h,Brachypodium distachyon,BdTR10h,NA,annual,Illumina HiSeq,NCBI,
ASM289229v1,NA,Brachypodium distachyon,BdTR13k,Brachypodium distachyon,BdTR13k,NA,annual,Illumina HiSeq,NCBI,
ASM174212v1,NA,Brachypodium distachyon,ABR6,Brachypodium distachyon,ABR6,NA,annual,Illumina HiSeq,NCBI,
Bhybridum_463_v1.0,NA,Brachypodium hybridum,NA,Brachypodium hybridum,NA,NA,annual,Pacbio,JGI,
Brachypodium_stacei,NA,Brachypodium stacei,NA,Brachypodium stacei,NA,NA,annual,unknown,CoGE,
lpBroSter1.1,NA,Bromus sterilis,NA,Bromus sterilis,NA,NA,annual,PacBio;Arima2,NCBI,
lpBroSter1.1_alternate_haplotype,NA,Bromus sterilis,NA,Bromus sterilis,NA,NA,annual,PacBio;Arima2,NCBI,
Bromus_tectorum,NA,Bromus tectorum,NA,Bromus tectorum,NA,NA,annual,PacBio_Illumina,CoGE,
AN21TNTL0114,AN21TNTL0114,Capillipedium kwashotense,Miyoshi Furuse 3774,Capillipedium kwashotense,Miyoshi Furuse 3774,NA,perennial,Illumina,PanAnd,
AN21TSTL0223,AN21TSTL0223,Capillipedium spicigerum,PI 301773,Capillipedium spicigerum,PI 301773,NA,perennial,Illumina,PanAnd,
AN21TSTL0244,AN21TSTL0244,Capillipedium spicigerum,M. Mackee 196,Capillipedium spicigerum,M. Mackee 196,NA,perennial,Illumina,PanAnd,
pearl_millet_23DB_ONT_assembly,NA,Cenchrus americanus,NA,Cenchrus americanus,NA,NA,annual,ONT,NCBI,
ASM2073956v1,NA,Cenchrus americanus,PI537069,Cenchrus americanus,PI537069,NA,annual,NA,NCBI,
ASM2073958v1,NA,Cenchrus americanus,Tifleaf 3,Cenchrus americanus,Tifleaf 3,NA,annual,NA,NCBI,
ASM2073952v1,NA,Cenchrus americanus,PI521612,Cenchrus americanus,PI521612,NA,annual,PacBio,NCBI,
ASM2073957v1,NA,Cenchrus americanus,PI583800,Cenchrus americanus,PI583800,NA,annual,PacBio,NCBI,
ASM3693692v1,NA,Cenchrus fungigraminus,JUJUNCAO,Cenchrus fungigraminus,JUJUNCAO,NA,annual,PacBio,NCBI,
ASM2264469v1,NA,Cenchrus purpureus,elephant grass,Cenchrus purpureus,elephant grass,NA,perennial,Oxford Nanopore PromethION,NCBI,
C_purpureuscv._Purple,NA,Cenchrus purpureus,Purple,Cenchrus purpureus,Purple,NA,perennial,Oxford Nanopore; Illumina,NCBI,
SRR7121923,NA,Cenchrus qianningensis,NA,Cenchrus qianningensis,NA,NA,NA,other_shortread,SRA,
Chimonobambusa_convoluta,NA,Chimonobambusa convoluta,merged,Chimonobambusa convoluta,merged,NA,perennial,Illumina,SRA,
SRR7121595,NA,Chloris barbata,NA,Chloris barbata,NA,NA,annual or perennial,other_shortread,SRA,
ASM3189477v1,NA,Chloris gayana,Tolgar_Tolgar-108,Chloris gayana,Tolgar_Tolgar-108,NA,perennial,Oxford Nanopore PromethION,NCBI,
AN21TS06,AN21TSTL0006,Bothriochloa pertusa,AUB 135,Chrysopogon aciculatus,AUB 135,NA,perennial,Illumina,PanAnd,
MCRTL042,AT20TN1MCRTL042,Chrysopogon aciculatus,Sumadijaya 714,Chrysopogon aciculatus,Sumadijaya 714,NA,perennial,Illumina,PanAnd,
AN21TNTL0117,AN21TNTL0117,Chrysopogon aucheri,Robert Gibbons 0308,Chrysopogon aucheri,Robert Gibbons 0308,NA,perennial,Illumina,PanAnd,
AN21TNTL0118,AN21TNTL0118,Chrysopogon fallax,S.R. Hirst 34,Chrysopogon fallax,S.R. Hirst 34,NA,NA,Illumina,PanAnd,
AN21TSTL0245,AN21TSTL0245,Chrysopogon filipes,I.D. Cowie & C.P. Mangion 9120,Chrysopogon filipes,I.D. Cowie & C.P. Mangion 9120,NA,perennial,Illumina,PanAnd,
AN21TSTL0253,AN21TSTL0253,Chrysopogon fulvibarbis,KEW 413118,Chrysopogon fulvibarbis,KEW 413118,NA,perennial,Illumina,PanAnd,
AN21TNTL0119,AN21TNTL0119,Chrysopogon fulvus,Pasquet 1135,Chrysopogon fulvus,Pasquet 1135,NA,perennial,Illumina,PanAnd,
AN21TNTL0120,AN21TNTL0120,Chrysopogon gryllus,PI 383762,Chrysopogon gryllus,PI 383762,NA,perennial,Illumina,PanAnd,
AN20T177,AN20TSCR000177,Dichanthium aristatum,Vorontsova 1765,Chrysopogon humbertianus,MSV 1413,NA,perennial,Illumina,PanAnd,
ChrysopogonNigritanus_v1.0,NA,Chrysopogon nigritanus,NA,Chrysopogon nigritanus,NA,NA,perennial,NA,PanAnd,
AN21TSTL0227,AN21TSTL0227,Chrysopogon orientalis,Traiperm et al 578,Chrysopogon orientalis,Traiperm et al 578,NA,perennial,Illumina,PanAnd,
AN21TSTL0226,AN21TSTL0226,Chrysopogon pauciflorus,AUB 114,Chrysopogon pauciflorus,AUB 114,NA,annual,Illumina,PanAnd,
AN21TSTL0180,AN21TSTL0180,Chrysopogon plumulosus,Pasquet 1279,Chrysopogon plumulosus,Pasquet 1279,NA,perennial,Illumina,PanAnd,
AN21TNTL0144,AN21TNTL0144,Chrysopogon schmidianus,NM Cuong 472,Chrysopogon schmidianus,NM Cuong 472,NA,perennial,Illumina,PanAnd,
Cs-KelloggPI219580-DRAFT-PanAnd-1.0,NA,Chrysopogon serrulatus,Kellogg PI219580,Chrysopogon serrulatus,NA,NA,perennial,PacBio,PanAnd,
Cs-A1013-Draft-PanAnd-1.0,NA,Chrysopogon serrulatus,Kellogg PI219580_1,Chrysopogon serrulatus,Kellogg PI219580_1,NA,perennial,Oxford Nanopore MinION; Illumina NovaSeq,NCBI,
A1014002,NA,Chrysopogon zizanioides,NA,Chrysopogon zizanioides,NA,NA,perennial,Illumina,PanAnd,
AN21TNTL0115,AN21TNTL0115,Clausospicula extensa,G.J. Leach & C.R. Dunlop 2575,Clausospicula extensa,G.J. Leach & C.R. Dunlop 2575,NA,annual,Illumina,PanAnd,
AN21TNTL0116,AN21TNTL0116,Cleistachne sorghoides,B. Goldsmith 12/71,Cleistachne sorghoides,B. Goldsmith 12/71,NA,annual,Illumina,PanAnd,
SRR8208363,NA,Cleistogenes squarrosa,NA,Cleistogenes squarrosa,NA,NA,perennial,Illumina,SRA,
A1015002,NA,Coelorachis tuberculosa,NA,Coelorachis tuberculosa,NA,NA,perennial,Illumina,PanAnd,
ASM972507v1,NA,Coix aquatica,Daheishan,Coix aquatica,Daheishan,NA,annual,PacBio Sequel,NCBI,
AN21TS25,AN21TSTL0025,Coix lacryma-jobi,PI 324509,Coix lacryma-jobi,PI 324509,NA,annual,Illumina,PanAnd,
ASM976338v1,NA,Coix lacryma-jobi,lacryma-jobi_BJ,Coix lacryma-jobi,lacryma-jobi_BJ,NA,annual,Illumina HiSeq; PacBio RSII; PacBio Sequel,NCBI,
Adlay_draft_genome_1.0,NA,Coix lacryma-jobi,ma-yuen_Johyun,Coix lacryma-jobi,ma-yuen_Johyun,NA,annual,PacBio RSII,NCBI,
AN21TSTL0194,AN21TSTL0194,Cymbopogon ambiguus,10-04531-06821,Cymbopogon ambiguus,10-04531-06821,NA,perennial,Illumina,PanAnd,
AN21TNTL0102,AN21TNTL0102,Cymbopogon bhutanicus,JRI Wood 7363,Cymbopogon bhutanicus,JRI Wood 7363,NA,perennial,Illumina,PanAnd,
AN20T175,AN20TSCR000175,Cymbopogon caesius,Solofondranohatra 243,Cymbopogon caesius,SLC 243,NA,perennial,Illumina,PanAnd,
Cc-PI314907-DRAFT-PanAnd-1.0,NA,Cymbopogon citratus,PI314907,Cymbopogon citratus,NA,NA,perennial,PacBio,PanAnd,
Ccit.v1.0,NA,Cymbopogon citratus,IRGN J3P28PV5NC,Cymbopogon citratus,IRGN J3P28PV5NC,NA,perennial,Illumina X Ten,NCBI,
AN20T176,AN20TSCR000176,Chrysopogon humbertianus,Vorontsova 1413,Cymbopogon commutatus,JKM 117,NA,perennial,Illumina,PanAnd,
AN21TNTL0094,AN21TNTL0094,Cymbopogon densiflorus,Pasquet 1203,Cymbopogon densiflorus,Pasquet 1203,NA,perennial,Illumina,PanAnd,
AN21TSTL0238,AN21TSTL0238,Cymbopogon dependens,D.L. Lewis 1049,Cymbopogon dependens,D.L. Lewis 1049,NA,perennial,Illumina,PanAnd,
AN21TNTL0104,AN21TNTL0104,Cymbopogon dieterlenii,Russell; Robinson; Herman 425,Cymbopogon dieterlenii,Russell; Robinson; Herman 425,NA,perennial,Illumina,PanAnd,
AN21TSTL0272,AN21TSTL0272,Cymbopogon distans,PI 653752,Cymbopogon distans,PI 653752,NA,perennial,Illumina,PanAnd,
AN21TS14,AN21TSTL0014,Cymbopogon flexuosus,24-04537-37802,Cymbopogon flexuosus,24-04537-37802,NA,perennial,Illumina,PanAnd,
ASM2779001v1,NA,Cymbopogon flexuosus,SLK_2022,Cymbopogon flexuosus,SLK_2022,NA,perennial,Illumina HiSeq,NCBI,
AN21TSTL0192,AN21TSTL0192,Cymbopogon giganteus,KEW 222574,Cymbopogon giganteus,KEW 222574,NA,perennial,Illumina,PanAnd,
AN21TSTL0236,AN21TSTL0236,Cymbopogon goeringii,K. Yao 8366,Cymbopogon goeringii,K. Yao 8366,NA,perennial,Illumina,PanAnd,
AN21TSTL0273,AN21TSTL0273,Cymbopogon iwarancusa,PI 211159,Cymbopogon iwarancusa,PI 211159,NA,NA,Illumina,PanAnd,
AN21TSTL0237,AN21TSTL0237,Cymbopogon khasianus,JRI Wood 5933,Cymbopogon khasianus,JRI Wood 5933,NA,perennial,Illumina,PanAnd,
AN21TSTL0195,AN21TSTL0195,Cymbopogon martini,20-04530-10860,Cymbopogon martini,20-04530-10860,NA,NA,Illumina,PanAnd,
AN21TS34,AN21TSTL0034,Cymbopogon nardus,21-04530-27038,Cymbopogon nardus,21-04530-27038,NA,perennial,Illumina,PanAnd,
AN20T011,AN20TSCR000215,Cymbopogon obtectus,M. Lazarides & J. Palmer 40,Cymbopogon obtectus,Lazarides & Palmer 040,NA,perennial,Illumina,PanAnd,
AN22TNTL037,AN22TNTL037,Cymbopogon osmastonii,D. Schaof 95,Cymbopogon osmastonii,NA,NA,perennial,Illumina,PanAnd,
AN21TSTL0193,AN21TSTL0193,Bothriochloa barbinodis,PI 204138,Cymbopogon pospischilii,PI 276030,NA,perennial,Illumina,PanAnd,
Cr-AUB069-DRAFT-PanAnd-1.0,NA,Cymbopogon refractus,AUB069,Cymbopogon refractus,NA,NA,perennial,PacBio,PanAnd,
AN21TSTL0274,AN21TSTL0274,Cymbopogon schoenanthus,PI 215643,Cymbopogon schoenanthus,PI 215643,NA,perennial,Illumina,PanAnd,
AN21TS28,AN21TSTL0028,Cymbopogon winterianus,01-04531-61419,Cymbopogon winterianus,01-04531-61419,NA,perennial,Illumina,PanAnd,
Cynodon_dactylon,NA,Cynodon dactylon,merged,Cynodon dactylon,merged,NA,perennial,Illumina,SRA,
Cynodon_nlemfuensis,NA,Cynodon nlemfuensis,NA,Cynodon nlemfuensis,NA,NA,perennial,unknown,CoGE,
ASM711570v1,NA,Dactylis glomerata,Dgl,Dactylis glomerata,Dgl,NA,perennial,PacBio Sequel,NCBI,
ASM289264v1,NA,Dactylis glomerata,2006-1,Dactylis glomerata,2006-1,NA,perennial,Illumina HiSeq,NCBI,
mabamboo_1.0,NA,Dendrocalamus latiflorus,YDM-20191121,Dendrocalamus latiflorus,YDM-20191121,NA,perennial,PacBio Sequel,NCBI,
KIB_Dsin_1,NA,Dendrocalamus sinicus,GZH08,Dendrocalamus sinicus,GZH08,NA,perennial,Oxford Nanopore PromethION,NCBI,
SRR1158316,NA,Deschampsia antarctica,NA,Deschampsia antarctica,NA,NA,perennial,Illumina,SRA,
ASM163321v2,NA,Dichanthelium oligosanthes,Kellogg 1175,Dichanthelium oligosanthes,Kellogg 1175,NA,perennial,Illumina HiSeq,NCBI,
A1020001,NA,Dichanthium annulatum,NA,Dichanthium annulatum,NA,NA,perennial,Illumina,PanAnd,
AN20T179,AN20TSCR000179,Cymbopogon commutatus,Kimeu 117,Dichanthium aristatum,MSV 1765,NA,perennial,Illumina,PanAnd,
AN22TNTL128,AN22TNTL128,Dichanthium caricosum,"P Peterson, RJ Soreng, K Romaschenko 23816",Dichanthium caricosum,NA,NA,perennial,Illumina,PanAnd,
AN21TSTL0235,AN21TSTL0235,Dichanthium fecundum,D.L. Lewis 1529,Dichanthium fecundum,D.L. Lewis 1529,NA,perennial,Illumina,PanAnd,
AT20TS1MCRTL004,AT20TS1MCRTL004,Eremopogon foveolatus,Kellogg PI 302076,Dichanthium foveolatum,PI 302076,NA,perennial,Illumina,PanAnd,
AN21TSTL0196,AN21TSTL0196,Dichanthium sericeum,PI 213880,Dichanthium sericeum,PI 213880,NA,perennial,Illumina,PanAnd,
AN21TSTL0231,AN21TSTL0231,Dichanthium sericeum,Traiperm et al 571,Dichanthium sericeum,Traiperm et al 571,NA,perennial,Illumina,PanAnd,
AN21TNTL0169,AN20TSCR000227,Diectomis fastigiata,SLC 109,Diectomis fastigiata,SLC 109,NA,NA,Illumina,PanAnd,
AN21TS08,AN21TSTL0008,Diectomis fastigiata,Kew 246275,Diectomis fastigiata,Kew 246275,NA,NA,Illumina,PanAnd,
DiExil,NA,Digitaria exilis,Niatia,Digitaria exilis,Niatia,NA,annual,PacBio,NCBI,
CM05836_v1.1,NA,Digitaria exilis,NA,Digitaria exilis,NA,NA,annual,NA,NCBI,
Fonio_CM05836,NA,Digitaria exilis,NA,Digitaria exilis,NA,NA,annual,NA,NCBI,
AN21TS37,AN21TSTL0037,Omit,PI 349688002 - White seed,Digitaria iburua,PI 349688002 - White seed,NA,annual,Illumina,PanAnd,
AN20T183,AN20TSCR000183,Diheteropogon amplectens,Vorontsova 1663,Diheteropogon amplectens,MSV 1663_catangensis,NA,perennial,Illumina,PanAnd,
AN21TNTL0172,AN20TSCR000231,Diheteropogon amplectens var. catangensis,,Diheteropogon amplectens,MSV 1663_catangensis,NA,perennial,Illumina,PanAnd,
AN21TS16,AN21TSTL0016,Diheteropogon amplectens,Kew 246323,Diheteropogon amplectens,Kew 246323,NA,perennial,Illumina,PanAnd,
AN20T184,AN20TSCR000184,Diheteropogon filifolius,Vorontsova 2371,Diheteropogon filifolius,MSV 2371,NA,perennial,Illumina,PanAnd,
MCRTL028,AT20TN1MCRTL028,Omit,Omit,Diheteropogon filifolius,Brand; Kay; Logie 316,NA,perennial,Illumina,PanAnd,
AN21TS23,AN21TSTL0023,Diheteropogon hagerupii,Kew 254456,Diheteropogon hagerupii,Kew 254456,NA,annual,Illumina,PanAnd,
AN21TNTL0139,AN21TNTL0139,Dimeria aristata,Davidse 7819A,Dimeria aristata,Davidse 7819A,NA,perennial,Illumina,PanAnd,
AN21TNTL0100,AN21TNTL0100,Dimeria chloridiformis,W.D. Clayton; A. Weerasooriya 6179,Dimeria chloridiformis,W.D. Clayton; A. Weerasooriya 6179,NA,perennial,Illumina,PanAnd,
AN21TS51,AN21TSTL0051,Dimeria lawsonii,KR 81018,Dimeria lawsonii,KR 81018,NA,annual,Illumina,PanAnd,
AN22TNTL036,AN22TNTL036,Dimeria mooneyi,HF Mooney 3657,Dimeria mooneyi,NA,NA,annual,Illumina,PanAnd,
MCRTL040,AT20TN1MCRTL040,Dimeria ornithopoda,Traiperm 575,Dimeria ornithopoda,Traiperm 575,NA,annual,Illumina,PanAnd,
AN21TNTL0101,AN21TNTL0101,Dimeria pubescens,Davidse & D.B. Sumithraarachchi 7940,Dimeria pubescens,Davidse & D.B. Sumithraarachchi 7940,NA,perennial,Illumina,PanAnd,
Dinebra_chinensis,NA,Dinebra chinensis,merged,Dinebra chinensis,merged,NA,NA,Illumina,SRA,
ASM90020540v1,NA,Echinochloa crus-galli,NA,Echinochloa crus-galli,NA,NA,annual,NA,NCBI,
ASM2511822v1,NA,Echinochloa crus-galli,STB08,Echinochloa crus-galli,STB08,NA,annual,Illumina HiSeq; PacBio,NCBI,
ASM3323972v1,NA,Echinochloa phyllopogon,R511,Echinochloa phyllopogon,R511,NA,annual,PacBio Sequel IIe,NCBI,
Eleusine_coracana_v1.0,NA,Eleusine coracana,coracana_KNE 796-S,Eleusine coracana,coracana_KNE 796-S,NA,annual,PacBio CLR,NCBI,
Ragi_PR202_v._2.0,NA,Eleusine coracana,coracana_PR202,Eleusine coracana,coracana_PR202,NA,annual,Illumina MiSeq; NextSeq; PacBIo RSII; Bionano Saphyr,NCBI,
ASM218045v1,NA,Eleusine coracana,coracana_ML-365,Eleusine coracana,coracana_ML-365,NA,annual,Illumina NextSeq; Illumina HiSeq; SOLiD,NCBI,
ASM3037835v1,NA,Eleusine indica,GLY-S,Eleusine indica,GLY-S,NA,annual,PacBio RSII,NCBI,
ASM3041176v1,NA,Eleusine indica,GLY-R,Eleusine indica,GLY-R,NA,annual,PacBio RSII,NCBI,
ASM336985v1,NA,Eleusine indica,HZ-2018,Eleusine indica,HZ-2018,NA,annual,Illumina HiSeq,NCBI,
ASM2270932v1,NA,Eleusine indica,EC516245,Eleusine indica,EC516245,NA,annual,Illumina,NCBI,
AN21TS22,AN21TSTL0022,Eremochloa ophiuroides,W6 55858,Elionurus barbiculmis,W6 55858,NA,perennial,Illumina,PanAnd,
AN22TNTL130,AN22TNTL130,Elionurus bilinguis,William R Anderson 9410,Elionurus bilinguis,NA,NA,perennial,Illumina,PanAnd,
AN21TSTL0197,AN21TSTL0197,Elionurus ciliaris,KEW 241557,Elionurus ciliaris,KEW 241557,NA,perennial,Illumina,PanAnd,
AN20TSCR000218,AN20TSCR000218,Elionurus citreus,AQ0830601,Elionurus citreus,AQ0830601,NA,perennial,Illumina,PanAnd,
AN21TNTL0124,AN21TNTL0124,Elionurus elegans,C. Vander Berghen 7324,Elionurus elegans,C. Vander Berghen 7324,NA,annual,Illumina,PanAnd,
AN21TSTL0248,AN21TSTL0248,Anatherum bicorne,NA,Elionurus euchaetus,KEW 254490,NA,perennial,Illumina,PanAnd,
AN21TNTL0123,AN21TNTL0123,Elionurus hirtifolius,John M Fay 6442,Elionurus hirtifolius,John M Fay 6442,NA,perennial,Illumina,PanAnd,
AN20T185,AN20TSCR000185,Elionurus muticus,Luke 16619,Elionurus muticus,Luke 16619,NA,perennial,Illumina,PanAnd,
AN21TS59,AN21TSTL0059,Elionurus muticus,Welker 177,Elionurus muticus,Welker 177,NA,perennial,Illumina,PanAnd,
MCRTL050,AT20TN1MCRTL050,Elionurus royleanus,MSV 826a,Elionurus royleanus,MSV 826a,NA,annual,Illumina,PanAnd,
A1021002,NA,Elionurus tripsacoides,NA,Elionurus tripsacoides,NA,NA,perennial,Illumina,PanAnd,
Et-Layton_Zhong168-DRAFT-PanAnd-1.0,NA,Elionurus tripsacoides,Layton&Zhong168,Elionurus tripsacoides,NA,NA,perennial,PacBio,PanAnd,
MCRTL059,AT20TN1MCRTL059,Elymandra archaelymandra,A. Blair Rains 11,Elymandra archaelymandra,A. Blair Rains 11,NA,annual,Illumina,PanAnd,
AN21TNTL0099,AN21TNTL0099,Elymandra lithophila,B.K. Simon; R.D. Kelly 1945,Elymandra lithophila,B.K. Simon; R.D. Kelly 1945,NA,perennial,Illumina,PanAnd,
AN21TNTL0125,AN21TNTL0125,Elymandra lithophila,Anderson et al 35802,Elymandra lithophila,Anderson et al 35802,NA,perennial,Illumina,PanAnd,
AN21TNTL0366,AN21TNTL0366,Elymandra subulata,Jacques-Felix 7306,Elymandra subulata,Jacques-Felix 7306,NA,annual,Illumina,PanAnd,
MCRTL043,AT20TN1MCRTL043,Elymandra subulata,Jacques-Felix 7306,Elymandra subulata,Jacques-Felix 7306,NA,annual,Illumina,PanAnd,
SRR7121607,NA,Omit,Omit,Eragrostis atrovirens,NA,NA,perennial,other_shortread,SRA,appears misidentified - discard
CERZOS_EC1.0,NA,Eragrostis curvula,Victoria,Eragrostis curvula,Victoria,NA,perennial,PacBio Sequel; Chicago; Hi-C,NCBI,
MSU_Enin_2.1,NA,Eragrostis nindensis,2366_JP_En_410063_0001,Eragrostis nindensis,2366_JP_En_410063_0001,NA,perennial,PacBio,NCBI,
ASM97063v1,NA,Eragrostis tef,Tsedey (DZ-Cr-37),Eragrostis tef,Tsedey (DZ-Cr-37),NA,annual,Illumina HiSeq; 454,NCBI,
Salk_teff_dabbi_3.0,NA,Eragrostis tef,Dabbi,Eragrostis tef,Dabbi,NA,annual,PacBio RSII; Illumina HiSeq,NCBI,
AN21TNTL0098,AN21TNTL0098,Eremochloa attenuata,Traiperm 162,Eremochloa attenuata,Traiperm 162,NA,perennial,Illumina,PanAnd,
MCRTL019,AT20TS1MCRTL019,Eremochloa ciliaris,Traiperm 524,Eremochloa ciliaris,Traiperm 524,NA,perennial,Illumina,PanAnd,
AN22TNTL025,AN22TNTL025,Eremochloa eriopoda,Traiperm 591,Eremochloa ciliatifolia,NA,NA,perennial,Illumina,PanAnd,
MCRTL022,AT20TS1MCRTL022,Eremochloa eriopoda,Traiperm 591,Eremochloa eriopoda,Traiperm 591,NA,perennial,Illumina,PanAnd,
AN21TNTL0097,AN21TNTL0097,Eremochloa lanceolata,Traiperm 584,Eremochloa lanceolata,Traiperm 584,NA,perennial,Illumina,PanAnd,
AN21TSTL0020,AN21TSTL0020,Elionurus barbiculmis,PI 647882,Eremochloa ophiuroides,PI 647882,NA,perennial,Illumina,PanAnd,
AN21TS19,AN21TSTL0019,Sorghastrum secundum,AUB 138,Eremochloa zeylanica,PI 647884,NA,perennial,Illumina,PanAnd,
AN20TSCR000208,AN20TSCR000208,Eriochrysis cayennensis,AUB & Bookout 109,Eriochrysis cayennensis,AUB & Bookout 109,NA,perennial,Illumina,PanAnd,
AN21TSTL0216,AN21TSTL0216,Bothriochloa springfieldii,PI 216163,Eriochrysis cayennensis,AUB & Bookout 109,NA,perennial,Illumina,PanAnd,
AN21TSTL0225,AN21TSTL0225,Eriochrysis cayennensis,AUB & Bookout 109,Eriochrysis cayennensis,AUB & Bookout 109,NA,perennial,Illumina,PanAnd,
AN21TS62,AN21TSTL0062,Eriochrysis holcoides,Welker 505-A,Eriochrysis holcoides,Welker 505-A,NA,perennial,Illumina,PanAnd,
AN21TS60,AN21TSTL0060,Eriochrysis laxa,Welker 487-9,Eriochrysis laxa,Welker 487-9,NA,perennial,Illumina,PanAnd,
AN21TS61,AN21TSTL0061,Eriochrysis villosa,Welker 488-4,Eriochrysis villosa,Welker 488-4,NA,perennial,Illumina,PanAnd,
MCRTL003,AT20TS1MCRTL003,Euclasta condylotricha,Pasquet 1245,Euclasta condylotricha,Pasquet 1245,NA,annual,Illumina,PanAnd,
AN22TNTL056,AN22TNTL056,Eulalia annua,MO Rankin 1262,Eulalia annua,NA,NA,annual,Illumina,PanAnd,
AN21TSTL0198,AN21TSTL0198,Eulalia aurea,PI 249139,Eulalia aurea,PI 249139,NA,perennial,Illumina,PanAnd,
AN21TNTL0093,AN21TNTL0093,Eulalia monostachya,Traiperm et al 588,Eulalia monostachya,Traiperm et al 588,NA,perennial,Illumina,PanAnd,
AN21TS38,AN21TSTL0038,Eulalia polyneura,Pasquet 1239,Eulalia polyneura,Pasquet 1239,NA,perennial,Illumina,PanAnd,
AN21TNTL0129,AN21TNTL0129,Eulalia quadrinervis,JRI Wood 6012,Eulalia quadrinervis,JRI Wood 6012,NA,perennial,Illumina,PanAnd,
AN21TNTL0173,AN21TNTL0173,Omit,Omit,Eulalia villosa,NOP 108,NA,perennial,Illumina,PanAnd,
MCRTL015,AT20TS1MCRTL015,Eulaliopsis binata,Traiperm 567,Eulaliopsis binata,Traiperm 567,NA,perennial,Illumina,PanAnd,
AN21TNTL0148,AN21TNTL0148,Exotheca abyssinica,Davidse 9215,Exotheca abyssinica,Davidse 9215,NA,perennial,Illumina,PanAnd,
Festuca_brevipila,NA,Festuca brevipila,NA,Festuca brevipila,NA,NA,perennial,Pacbio,CoGE,
AN21TNTL0126,AN21TNTL0126,Germainia capitata,Sharpe and Elsol 2660,Germainia capitata,Sharpe and Elsol 2660,NA,perennial,Illumina,PanAnd,
AN21TNTL0128,AN21TNTL0128,Germainia truncatiglumis,Leach and Walsh 4429,Germainia truncatiglumis,Leach and Walsh 4429,NA,perennial,Illumina,PanAnd,
KIB_Gang_2,NA,Guadua angustifolia,GZH04,Guadua angustifolia,GZH04,NA,perennial,Oxford Nanopore PromethION,NCBI,
MCRTL053,AT20TN1MCRTL053,Hackelochloa granularis,Pasquet 1113,Hackelochloa granularis,Pasquet 1113,NA,annual,Illumina,PanAnd,
AN21TSTL0234,AN21TSTL0234,Hackelochloa porifera,Traiperm et al 009,Hackelochloa porifera,Traiperm et al 009,NA,annual,Illumina,PanAnd,
AN20T190,AN20TSCR000190,Hemarthria altissima,MSV 2091,Hemarthria altissima,MSV 2091,NA,perennial,Illumina,PanAnd,
Hp-KelloggPI404118-DRAFT-PanAnd-1.0,NA,Hemarthria compressa,KelloggPI404118,Hemarthria compressa,NA,NA,perennial,PacBio,PanAnd,
AN21TNTL0333,AN21TNTL0333,Hemarthria sibirica,"S. Tsugaru, M. Miyahara 26676",Hemarthria sibirica,NA,NA,perennial,Illumina,PanAnd,
AN20T019,AN20TSCR000201,Hemarthria uncinata,AQ0339056,Hemarthria uncinata,AQ0339056,NA,perennial,Illumina,PanAnd,
MCRTL010,AT20TS1MCRTL010,Hemisorghum mekongense,Traiperm 569,Hemisorghum mekongense,Traiperm 569,NA,perennial,Illumina,PanAnd,
AN21TSTL0230,AN21TSTL0230,Heteropholis sulcata,Pasquet 1179,Heteropholis sulcata,Pasquet 1179,NA,perennial,Illumina,PanAnd,
AN20T007,AN20TSCR000211,Heteropogon contortus,AUB & Bookout 102,Heteropogon contortus,AUB & Bookout 102,NA,perennial,Illumina,PanAnd,
Hc-AUB53_1-DRAFT-PanAnd-1.0,NA,Heteropogon contortus,AUB53,Heteropogon contortus,NA,NA,perennial,PacBio,PanAnd,
AN20T191,AN20TSCR000191,Heteropogon melanocarpus,Nanjarisoa 139,Heteropogon melanocarpus,NOP 139,NA,annual,Illumina,PanAnd,
AN20T020,AN20TSCR000221,Heteropogon melanocarpus,NOP 139,Heteropogon melanocarpus,NOP 139,NA,annual,Illumina,PanAnd,
AN20T010,AN20TSCR000214,Heteropogon triticeus,AQ0725658,Heteropogon triticeus,AQ0725658,NA,perennial,Illumina,PanAnd,
MCRTL006,AT20TS1MCRTL006,Heteropogon triticeus,HUG814,Heteropogon triticeus,HUG814,NA,perennial,Illumina,PanAnd,
FB19_011_3,NA,Hordeum bulbosum,NA,Hordeum bulbosum,NA,NA,perennial,Illumina Novaseq 6000; PacBio Sequel II,NCBI,
A17,NA,Hordeum bulbosum,NA,Hordeum bulbosum,NA,NA,perennial,Illumina Novaseq 6000; PacBio Sequel II,NCBI,
FB19_001_1,NA,Hordeum bulbosum,NA,Hordeum bulbosum,NA,NA,perennial,Illumina Novaseq 6000; PacBio Sequel II,NCBI,
FB19_028_3,NA,Hordeum bulbosum,NA,Hordeum bulbosum,NA,NA,perennial,Illumina Novaseq 6000; PacBio Sequel II,NCBI,
A42,NA,Hordeum bulbosum,NA,Hordeum bulbosum,NA,NA,perennial,Illumina Novaseq 6000; PacBio Sequel II,NCBI,
ASM2249601v1,NA,Hordeum marinum,H559,Hordeum marinum,H559,NA,annual,PacBio Sequel; Illumina,NCBI,
Hordeum_pubiflorum_assembly1,NA,Hordeum pubiflorum,NA,Hordeum pubiflorum,NA,NA,perennial,NA,NCBI,
MorexV3_pseudomolecules_assembly,NA,Hordeum vulgare,vulgare,Hordeum vulgare,vulgare,NA,annual,NA,NCBI,
Hvulgare_HOR_13663_BPGv2,NA,Hordeum vulgare,NA,Hordeum vulgare,NA,NA,annual,Illumina Novaseq 6000; PacBio Sequel II,NCBI,
Hvulgare_HOR_4224_BPGv2,NA,Hordeum vulgare,NA,Hordeum vulgare,NA,NA,annual,Illumina Novaseq 6000; PacBio Sequel II,NCBI,
Hvulgare_HOR_19184_BPGv2,NA,Hordeum vulgare,NA,Hordeum vulgare,NA,NA,annual,Illumina Novaseq 6000; PacBio Sequel II,NCBI,
Hvulgare_FT262_BPGv2,NA,Hordeum vulgare,spontaneum,Hordeum vulgare,spontaneum,NA,annual,Illumina Novaseq 6000; PacBio Sequel II,NCBI,
KIB_Hcal_1,NA,Hsuehochloa calcarea,GZH06,Hsuehochloa calcarea,GZH06,NA,perennial,Oxford Nanopore PromethION,NCBI,
AN21TNTL0329,AN21TNTL0329,Hyparrhenia arrhenobasis,JW Ash 2696,Hyparrhenia arrhenobasis,NA,NA,perennial,Illumina,PanAnd,
AN21TNTL0328,AN21TNTL0328,Hyparrhenia barteri,AB Katende K2324,Hyparrhenia barteri,NA,NA,annual,Illumina,PanAnd,
AT20TN1MCRTL026,AT20TN1MCRTL026,Hyparrhenia bracteata,MSV 1664,Hyparrhenia bracteata,MSV 1664,NA,perennial,Illumina,PanAnd,
AN21TNTL0334,AN21TNTL0334,Hyparrhenia collina,Heady 1740,Hyparrhenia collina,Heady 1740,NA,perennial,Illumina,PanAnd,
AN21TNTL0335,AN21TNTL0335,Hyparrhenia confinis,JJFE de Wilde 263,Hyparrhenia confinis,JJFE de Wilde 263,NA,annual,Illumina,PanAnd,
MCRTL055,AT20TN1MCRTL055,Hyparrhenia confinis,Michael Jensen; Ib Friis; Menassie Gashaw; Fantahun Simon; Lemessa Keneei B1/19,Hyparrhenia confinis,Michael Jensen; Ib Friis; Menassie Gashaw; Fantahun Simon; Lemessa Keneei B1/19,NA,annual,Illumina,PanAnd,
AN21TNTL0336,AN21TNTL0336,Hyparrhenia cyanescens,Hall and Duodu 42178,Hyparrhenia cyanescens,NA,NA,perennial,Illumina,PanAnd,
AN21TSTL0269,AN21TSTL0269,Hyparrhenia cymbaria,Kayombo; Soah; Kikoti; Wisa 9977,Hyparrhenia cymbaria,Kayombo; Soah; Kikoti; Wisa 9977,NA,perennial,Illumina,PanAnd,
AN21TNTL0327,AN21TNTL0327,Hyparrhenia dichroa,Kayombo 1010,Hyparrhenia dichroa,NA,NA,perennial,Illumina,PanAnd,
A1025002,NA,Hyparrhenia diplandra,NA,Hyparrhenia diplandra,NA,NA,perennial,Illumina,PanAnd,
Hd-A1025-Draft-PanAnd-1.0,NA,Hyparrhenia diplandra,Pasquet 1126_1,Hyparrhenia diplandra,Pasquet 1126_1,NA,perennial,Oxford Nanopore MinION; Illumina NovaSeq,NCBI,
AT20TN1MCRTL070,AT20TN1MCRTL070,Hyparrhenia figariana,M. Reekmans 11042,Hyparrhenia figariana,M. Reekmans 11042,NA,annual,Illumina,PanAnd,
AN21TSTL0268,AN21TSTL0268,Hyparrhenia filipendula,Rwaburindore 5066,Hyparrhenia filipendula,Rwaburindore 5066,NA,perennial,Illumina,PanAnd,
AN21TS40,AN21TSTL0040,Hyparrhenia finitima,Pasquet 1244,Hyparrhenia finitima,Pasquet 1244,NA,perennial,Illumina,PanAnd,
AN21TNTL0321,AN21TNTL0321,Hyparrhenia gazensis,Rwaburindere 1121,Hyparrhenia gazensis,Rwaburindere 1121,NA,perennial,Illumina,PanAnd,
MCRTL037,AT20TN1MCRTL037,Hyparrhenia glabriuscula,John Sihvonen 239,Hyparrhenia glabriuscula,John Sihvonen 239,NA,perennial,Illumina,PanAnd,
AN21TNTL0320,AN21TNTL0320,Hyparrhenia griffithii,AO Crook 2076,Hyparrhenia griffithii,NA,NA,perennial,Illumina,PanAnd,
AN21TSTL0199,AN21TSTL0199,Hyparrhenia hirta,PI 315595,Hyparrhenia hirta,PI 315595,NA,perennial,Illumina,PanAnd,
MCRTL064,AT20TN1MCRTL064,Hyparrhenia involucrata,Fay 5796,Hyparrhenia involucrata,Fay 5796,NA,annual,Illumina,PanAnd,
AT20TN1MCRTL029,AT20TN1MCRTL029,Hyparrhenia madaropoda,Reekmans 6922,Hyparrhenia madaropoda,Reekmans 6922,NA,annual,Illumina,PanAnd,
AN20T192,AN20TSCR000192,Hyparrhenia mobukensis,JO 1086,Hyparrhenia mobukensis,JO 1086,NA,perennial,Illumina,PanAnd,
AN21TSTL0042,AN21TSTL0042,Hyparrhenia newtonii,Pasquet 1219,Hyparrhenia newtonii,Pasquet 1219,NA,perennial,Illumina,PanAnd,
AN21TNTL0319,AN21TNTL0319,Hyparrhenia niariensis,Fay 5823,Hyparrhenia niariensis,NA,NA,annual,Illumina,PanAnd,
AN22TNTL132,AN22TNTL132,Hyparrhenia nyassae,Pasquet 1168,Hyparrhenia nyassae,NA,NA,perennial,Illumina,PanAnd,
AN21TNTL0318,AN21TNTL0318,Hyparrhenia pilgeriana,Rwaburindore 3886,Hyparrhenia pilgeriana,Rwaburindore 3886,NA,perennial,Illumina,PanAnd,
AN21TNTL0316,AN21TNTL0316,Hyparrhenia rudis,Simon 2195,Hyparrhenia rudis,Simon 2195,NA,perennial,Illumina,PanAnd,
AN20TSCR000212,AN20TSCR000212,Hyparrhenia rufa,AUB & Bookout 103,Hyparrhenia rufa,AUB & Bookout 103,NA,perennial,Illumina,PanAnd,
AN21TS10,AN21TSTL0010,Hyparrhenia rufa,AUB 129,Hyparrhenia rufa,AUB 129,NA,perennial,Illumina,PanAnd,
AT20TN1MCRTL056,AT20TN1MCRTL056,Hyparrhenia schimperi,K.E. Bennett 283138,Hyparrhenia schimperi,K.E. Bennett 283138,NA,perennial,Illumina,PanAnd,
AN21TS39,AN21TSTL0039,Omit,Omit,Hyparrhenia sp.,Pasquet 1149,NA,NA,Illumina,PanAnd,
AN21TNTL0324,AN21TNTL0324,Hyparrhenia subplumosa,Soladoye BO251,Hyparrhenia subplumosa,Soladoye BO251,NA,perennial,Illumina,PanAnd,
MCRTL067,AT20TN1MCRTL067,Hyparrhenia umbrosa,A.J.M. Leeuwenberg 8667,Hyparrhenia umbrosa,A.J.M. Leeuwenberg 8667,NA,perennial,Illumina,PanAnd,
AN21TS41,AN21TSTL0041,Omit,Omit,Hyparrhenia variabilis,Pasquet 1124,NA,perennial,Illumina,PanAnd,
AN21TNTL0322,AN21TNTL0322,Hyparrhenia welwitschii,Fay 5851,Hyparrhenia welwitschii,NA,NA,annual,Illumina,PanAnd,
MCRTL013,AT20TS1MCRTL013,Hyperthelia dissoluta,Kellogg 1137,Hyperthelia dissoluta,Kellogg 1137,NA,perennial,Illumina,PanAnd,
AN21TSTL0213,AN21TSTL0213,Imperata brasiliensis,Welker 615-C,Imperata brasiliensis,Welker 599,NA,perennial,Illumina,PanAnd,
AN21TS12,AN21TSTL0012,Imperata cylindrica,AUB 125,Imperata cylindrica,AUB 125,NA,perennial,Illumina,PanAnd,
AN21TS63,AN21TSTL0063,Imperata tenuis,Welker 494-2,Imperata tenuis,Welker 494-2,NA,perennial,Illumina,PanAnd,
AN20T193,AN20TSCR000193,Eulalia polyneura,Osborne 914,Ischaemum afrum,JO 914,NA,perennial,Illumina,PanAnd,
AN21TNTL0311,AN21TNTL0311,Ischaemum amethystinum,J. Lewalle 1714,Ischaemum amethystinum,NA,NA,perennial,Illumina,PanAnd,
AN20T015,AN20TSCR000217,Ischaemum australe,KRM 9143,Ischaemum australe,AQ0843492,NA,perennial,Illumina,PanAnd,
AN21TSTL0267,AN21TSTL0267,Ischaemum barbatum,Hu; But 22744,Ischaemum barbatum,Hu; But 22744,NA,perennial,Illumina,PanAnd,
AN22TNTL073,AN22TNTL073,Ischaemum bolei,Almeida 1535A,Ischaemum bolei,NA,NA,annual,Illumina,PanAnd,
AN21TNTL0163,AN21TNTL0163,Ischaemum byrone,Perlman 22941,Ischaemum byrone,Perlman 22941,NA,perennial,Illumina,PanAnd,
AN21TSTL0266,AN21TSTL0266,Ischaemum decumbens,DJ Dixon 1819,Ischaemum decumbens,DJ Dixon 1819,NA,annual,Illumina,PanAnd,
AN21TNTL0161,AN21TNTL0161,Ischaemum glaucescens,Beaman 10818,Ischaemum glaucescens,Beaman 10818,NA,perennial,Illumina,PanAnd,
AN20T194,AN20TSCR000194,Ischaemum heterotrichum,MSV 1893,Ischaemum heterotrichum,MSV 1893,NA,perennial,Illumina,PanAnd,
AN21TNTL0171,AN20TSCR000229,Ischaemum heterotrichum,MSV 1893,Ischaemum heterotrichum,MSV 1893,NA,perennial,Illumina,PanAnd,
MCRTL021,AT20TS1MCRTL021,Ischaemum hubbardii,Traiperm & Layton 538,Ischaemum hubbardii,Traiperm & Layton 538,NA,perennial,Illumina,PanAnd,
AN21TNTL0138,AN21TNTL0138,Ischaemum koenigii,Pasquet 1196,Ischaemum koenigii,Pasquet 1196,NA,perennial,Illumina,PanAnd,
AN20T195,AN20TSCR000195,Ischaemum koleostachys,MSV 1299,Ischaemum koleostachys,MSV 1299,NA,perennial,Illumina,PanAnd,
AN22TNTL151,AN22TNTL151,Ischaemum nativitatis,Powell 1310,Ischaemum nativitatis,NA,NA,perennial,Illumina,PanAnd,
AN20T196,AN20TSCR000196,Ischaemum polystachyum,Nanjarisoa 99,Ischaemum polystachyum,NOP 99,NA,perennial,Illumina,PanAnd,
AN21TNTL0174,AN20TSCR000233,Ischaemum polystachyum,NOP 99,Ischaemum polystachyum,NOP 99,NA,perennial,Illumina,PanAnd,
AN22TNTL124,AN22TNTL124,Ischaemum rangacharianum,Ravi 24092,Ischaemum rangacharianum,NA,NA,annual,Illumina,PanAnd,
A1030002,NA,Ischaemum rugosum,NA,Ischaemum rugosum,NA,NA,annual,Illumina,PanAnd,
Ir-Pasquet1136-DRAFT-PanAnd-1.0,NA,Ischaemum rugosum,Pasquet1136,Ischaemum rugosum,NA,NA,annual,PacBio,PanAnd,
AN21TNTL0309,AN21TNTL0309,Ischaemum timorense,Santamaria; Solano 3580,Ischaemum timorense,Santamaria; Solano 3580,NA,annual,Illumina,PanAnd,
AN21TNTL0308,AN21TNTL0308,Iseilema ciliatum,PK Latz 5428,Iseilema ciliatum,NA,NA,annual,Illumina,PanAnd,
AN21TNTL0314,AN21TNTL0314,Iseilema fragile,SR Hirst 36,Iseilema fragile,SR Hirst 36,NA,annual,Illumina,PanAnd,
AN21TS32,AN21TSTL0032,Iseilema macratherum,PI 257760,Iseilema macratherum,PI 257760,NA,annual,Illumina,PanAnd,
AN21TS33,AN21TSTL0033,Iseilema membranaceum,PI 240840,Iseilema membranaceum,PI 240840,NA,annual,Illumina,PanAnd,
AN21TNTL0167,AN21TNTL0167,Iseilema vaginiflorum,MRK Lambert 834,Iseilema vaginiflorum,MRK Lambert 834,NA,annual,Illumina,PanAnd,
AN22TNTL150,AN22TNTL150,Iseilema venkateswarlui,Satyavathi IA94,Iseilema venkateswarlui,NA,NA,annual,Illumina,PanAnd,
MCRTL008,AT20TS1MCRTL008,Kerriochloa siamensis,Traiperm 581,Kerriochloa siamensis,Traiperm 581,NA,perennial,Illumina,PanAnd,
AN20T023,AN20TSCR000203,Lasiorhachis perrieri,NOP 140,Lasiorhachis perrieri,NOP 140,Saccharum perrieri,perennial,Illumina,PanAnd,
AN20T025,AN20TSCR000224,Lasiorhachis viguieri,NOP 76,Lasiorhachis viguieri,NOP 76,Saccharum viguieri,perennial,Illumina,PanAnd,
AN21TNTL0121,AN21TNTL0121,Lasiurus scindicus,Kew 496070,Lasiurus scindicus,Kew 496070,NA,perennial,Illumina,PanAnd,
Lperr_V1.4,NA,Leersia perrieri,NA,Leersia perrieri,NA,NA,annual,Illumina HiSeq,NCBI,
SRR8208366,NA,Leymus chinensis,NA,Leymus chinensis,NA,NA,perennial,Illumina,SRA,
Lolium_arundinaceum,NA,Lolium arundinaceum,merged,Lolium arundinaceum,merged,NA,perennial,Illumina,SRA,contaminated
Rabiosa_unphased_assembly,NA,Lolium multiflorum,Rabiosa_02402/16,Lolium multiflorum,Rabiosa_02402/16,NA,annual,Oxford Nanopore,NCBI,
MPB_Lper_Kyuss_1697,NA,Lolium perenne,Kyuss_39,Lolium perenne,Kyuss_39,NA,perennial,Oxford Nanopore PromethION; Illumina NovaSeq,NCBI,
ASM173568v1,NA,Lolium perenne,4540-9,Lolium perenne,4540-9,NA,perennial,Illumina MiSeq,NCBI,
APGP_CSIRO_Lrig_0.1,NA,Lolium rigidum,FL_2022,Lolium rigidum,FL_2022,NA,annual,Oxford Nanopore PromethION; Oxford Nanopore MinION,NCBI,
KIB_Mbac_1,NA,Melocanna baccifera,GZH09,Melocanna baccifera,GZH09,NA,perennial,Oxford Nanopore PromethION,NCBI,
AN22TNTL163,AN22TNTL163,Microstegium delicatulum,CE Parkinson 8712,Microstegium delicatulum,NA,NA,annual,Illumina,PanAnd,
AN21TNTL0154,AN21TNTL0154,Microstegium fasciculatum,CF van Beusekom et al 4092,Microstegium fasciculatum,CF van Beusekom et al 4092,NA,perennial,Illumina,PanAnd,
AN21TNTL0153,AN21TNTL0153,Microstegium geniculatum,Hsiu-Lan Ho 920,Microstegium geniculatum,Hsiu-Lan Ho 920,NA,annual,Illumina,PanAnd,
AN21TSTL0261,AN21TSTL0261,Microstegium japonicum,Tsugaru; Takahashi 24277,Microstegium japonicum,Tsugaru; Takahashi 24277,NA,annual,Illumina,PanAnd,
AN20T197,AN20TSCR000197,Microstegium nudum,MSV 1917,Microstegium nudum,MSV 1917,NA,annual,Illumina,PanAnd,
AN20T041,AN20TSCR000207,Microstegium nudum,MSV 1917,Microstegium nudum,MSV 1917,NA,annual,Illumina,PanAnd,
AN21TSTL0200,AN21TSTL0200,Microstegium vimineum,IC 6,Microstegium vimineum,IC 6,NA,annual,Illumina,PanAnd,
ASM2203655v1,NA,Microstegium vimineum,NA,Microstegium vimineum,NA,NA,annual,PacBio Sequel II; Omni-C,NCBI,
A1031001,NA,Miscanthus ecklonii,NA,Miscanthus ecklonii,NA,NA,perennial,Illumina,PanAnd,
AN21TSTL0007,AN21TSTL0007,Miscanthus floridulus,PI 668370,Miscanthus floridulus,PI 668370,NA,perennial,Illumina,PanAnd,
ASM1932011v1,NA,Miscanthus floridulus,M001,Miscanthus floridulus,M001,NA,perennial,PacBio Sequel; Illumina HiSeq,NCBI,
A1033002,NA,Miscanthus junceus,NA,Miscanthus junceus,NA,NA,perennial,Illumina,PanAnd,
Mlu_assembly,NA,Miscanthus lutarioriparius,NA,Miscanthus lutarioriparius,NA,NA,perennial,NA,NCBI,
AN21TNTL0157,AN21TNTL0157,Miscanthus nepalensis,Zhang; Zhi-ying 13942,Miscanthus nepalensis,Zhang; Zhi-ying 13942,NA,perennial,Illumina,PanAnd,
AN21TNTL0156,AN21TNTL0156,Miscanthus oligostachyus,H Koyama; Y Huzimoto 708,Miscanthus oligostachyus,H Koyama; Y Huzimoto 708,NA,perennial,Illumina,PanAnd,
AN21TSTL0264,AN21TSTL0264,Miscanthus oligostachyus,Mimoro; Hyuga; Furuta 1248,Miscanthus oligostachyus,Mimoro; Hyuga; Furuta 1248,NA,perennial,Illumina,PanAnd,
AN21TNTL0151,AN21TNTL0151,Miscanthus sacchariflorus,J Solomon 1193,Miscanthus sacchariflorus,J Solomon 1193,NA,perennial,Illumina,PanAnd,
Msac_v3,NA,Miscanthus sacchariflorus,Robustus 297,Miscanthus sacchariflorus,Robustus 297,NA,perennial,Illumina HiSeq,NCBI,
Msinensis_497_v7.0,NA,Miscanthus sinensis,DH1_GR-2011-001,Miscanthus sinensis,DH1_GR-2011-001,NA,perennial,Illumina,JGI,
AN21TSTL0210,AN21TSTL0210,Miscanthus sinensis,Takahashi; Tsugaru; Sawada 30253,Miscanthus sinensis,Takahashi; Tsugaru; Sawada 30253,NA,perennial,Illumina,PanAnd,
AN21TSTL0263,AN21TSTL0263,Miscanthus tinctorius,Reiko Nishimura 1050,Miscanthus tinctorius,Reiko Nishimura 1050,NA,perennial,Illumina,PanAnd,
AN21TNTL0096,AN21TNTL0096,Miscanthus violaceus,Pasquet 1173-A,Miscanthus violaceus,Pasquet 1173-A,NA,perennial,Illumina,PanAnd,
AN20T018,AN20TSCR000220,Mnesithea formosa,KRM 18023,Mnesithea formosa,KRM 18023,NA,NA,Illumina,PanAnd,
AN22TNTL133,AN22TNTL133,Mnesithea mollicoma,P Traiperm & Layton 556,Mnesithea mollicoma,NA,NA,perennial,Illumina,PanAnd,
lpNeoColu1.0.hap1,NA,Neostapfia colusana,DT0270,Neostapfia colusana,DT0270,NA,annual,PacBio Sequel IIe; Dovetail OmniC; Illumina NovaSeq,NCBI,
lpNeoColu1.0.hap2,NA,Neostapfia colusana,DT0270,Neostapfia colusana,DT0270,NA,annual,PacBio Sequel IIe; Dovetail OmniC; Illumina NovaSeq,NCBI,
SRR7121569,NA,Neyraudia reynaudiana,NA,Neyraudia reynaudiana,NA,NA,perennial,other_shortread,SRA,
KIB_Olat_2,NA,Olyra latifolia,14001,Olyra latifolia,14001,NA,perennial,Oxford Nanopore PromethION,NCBI,
MCRTL024,AT20TS1MCRTL024,Omit,Omit,Ophiuros megaphyllus,Traiperm 176,NA,perennial,Illumina,PanAnd,
Oropetium_capense,NA,Oropetium capense,NA,Oropetium capense,NA,NA,perennial,Pacbio,CoGE,
Oropetium_genomic_20141112,NA,Oropetium thomaeum,NA,Oropetium thomaeum,NA,NA,annual,PacBio,NCBI,
MQ-UA-ANU_Oaus-KR_2.0,NA,Oryza australiensis,KR-Keep River_1,Oryza australiensis,KR-Keep River_1,NA,perennial,Oxford Nanopore MinION,NCBI,
ObarRS3,NA,Oryza barthii,NA,Oryza barthii,NA,NA,annual,PacBio,NCBI,
LB120v1,NA,Oryza barthii,TB65,Oryza barthii,TB65,NA,annual,Illumina HiSeq,NCBI,
TB65v1,NA,Oryza barthii,LB120,Oryza barthii,LB120,NA,annual,Illumina HiSeq,NCBI,
B88v1,NA,Oryza barthii,B88,Oryza barthii,B88,NA,annual,Illumina HiSeq,NCBI,
ObraRS2,NA,Oryza brachyantha,NA,Oryza brachyantha,NA,NA,annual,PacBio,NCBI,
ASM3077008v1,NA,Oryza coarctata,Oco-Bangladesh,Oryza coarctata,Oco-Bangladesh,NA,perennial,PacBio,NCBI,
OrCoar_V1,NA,Oryza coarctata,TKM-2016,Oryza coarctata,TKM-2016,NA,perennial,Illumina HiSeq; Oxford Nanopore,NCBI,
SCIS-JNU_Pcoar_1.0,NA,Oryza coarctata,MJ-PcWGS01,Oryza coarctata,MJ-PcWGS01,NA,perennial,Illumina HiSeq; Illumina MiSeq,NCBI,
OcoaRS1,NA,Oryza coarctata,Sudarban,Oryza coarctata,Sudarban,NA,perennial,PacBio,NCBI,
OglaRS2,NA,Oryza glaberrima,NA,Oryza glaberrima,NA,NA,annual,PacBio,NCBI,
OgluRS3,NA,Oryza glumipatula,NA,Oryza glumipatula,NA,NA,annual or perennial,PacBio,NCBI,
Oryza_grandiglumis,NA,Oryza grandiglumis,merged,Oryza grandiglumis,merged,NA,annual,Illumina,SRA,
Oryza_latifolia,NA,Oryza latifolia,merged,Oryza latifolia,merged,NA,perennial,Illumina,SRA,
Oryza_longiglumis,NA,Oryza longiglumis,merged,Oryza longiglumis,merged,NA,perennial,Illumina,SRA,
ASM980554v1,NA,Oryza longistaminata,w11,Oryza longistaminata,w11,NA,perennial,Illumina HiSeq; PacBio RSII,NCBI,
ASM151433v2,NA,Oryza longistaminata,RD23,Oryza longistaminata,RD23,NA,perennial,Illumina GAII; Illumina HiSeq; 454,NCBI,
O_longistaminata_v1.0,NA,Oryza longistaminata,NA,Oryza longistaminata,NA,NA,perennial,Illumina HiSeq,NCBI,
Oryza_malampuzhaensis,NA,Oryza malampuzhaensis,merged,Oryza malampuzhaensis,merged,NA,perennial,Illumina,SRA,
OmerRS3,NA,Oryza meridionalis,OR44 (W2112),Oryza meridionalis,OR44 (W2112),NA,annual,PacBio,NCBI,
ASM155179v1,NA,Oryza meridionalis,Taxon B_Australia,Oryza meridionalis,Taxon B_Australia,NA,annual,PacBio,NCBI,
ASM399144v1,NA,Oryza meyeriana,granulata_YNKM20150326,Oryza meyeriana,granulata_YNKM20150326,NA,perennial,Illumina GAII; PacBio,NCBI,
ASM522336v2,NA,Oryza meyeriana,granulata_Menghai,Oryza meyeriana,granulata_Menghai,NA,perennial,Illumina HiSeq,NCBI,
ASM63269v1,NA,Oryza minuta,NA,Oryza minuta,NA,NA,perennial,Sanger,NCBI,
OnivRS2,NA,Oryza nivara,NA,Oryza nivara,NA,NA,perennial,PacBio,NCBI,
Oryza_officinalis_v1.0,NA,Oryza officinalis,W0002,Oryza officinalis,W0002,NA,perennial,Illumina HiSeq2500; Pacific Bio RSII,NCBI,
OpunRS2,NA,Oryza punctata,NA,Oryza punctata,NA,NA,perennial,PacBio,NCBI,
Oryza_rhizomatis,NA,Oryza rhizomatis,merged,Oryza rhizomatis,merged,NA,perennial,Illumina,SRA,
O._rufipogonIRGC106523RS1,NA,Oryza rufipogon,IRGC 106523-1,Oryza rufipogon,IRGC 106523-1,NA,perennial,PacBio Sequel; Illumina,NCBI,
ASM155180v1,NA,Oryza rufipogon,Taxon A_Australia,Oryza rufipogon,Taxon A_Australia,NA,perennial,PacBio,NCBI,
ASM81722v2,NA,Oryza rufipogon,W1943,Oryza rufipogon,W1943,NA,perennial,NA,NCBI,
IRGSP-1.0,NA,Oryza sativa,Japonica_Nipponbare,Oryza sativa,Japonica_Nipponbare,NA,annual,NA,NCBI,
ZS97RS3,NA,Oryza sativa,Indica_Zhenshan 97,Oryza sativa,Indica_Zhenshan 97,NA,annual,PacBio,NCBI,
AzucenaRS1,NA,Oryza sativa,Japonica_Azucena,Oryza sativa,Japonica_Azucena,NA,annual,PacBio; Illumina,NCBI,
Os132424RS1,NA,Oryza sativa,Indica,Oryza sativa,Indica,NA,annual,PacBio Sequel; Illumina,NCBI,
Os132278RS1,NA,Oryza sativa,Japonica,Oryza sativa,Japonica,NA,annual,PacBio Sequel; Illumina,NCBI,
KIB_Ogla_1,NA,Otatea glauca,GZH072,Otatea glauca,GZH072,NA,perennial,Oxford Nanopore PromethION,NCBI,
AN21TNTL0359,AN21TNTL0359,Oxyrhachis gracillima,L Smook 6050,Oxyrhachis gracillima,L Smook 6050,NA,perennial,Illumina,PanAnd,
PHallii_v3.1,NA,Panicum hallii,FIL2,Panicum hallii,FIL2,NA,perennial,PACBIO SEQUEL; Illumina HISeq; MOLECULO,NCBI,
PhalliiHAL_v2.1,NA,Panicum hallii,hallii_HAL2,Panicum hallii,hallii_HAL2,NA,perennial,PACBIO SEQUEL; Illumina HISeq,NCBI,
BC332,NA,Panicum miliaceum,332,Panicum miliaceum,332,NA,annual,PacBio Sequel,NCBI,
BC477,NA,Panicum miliaceum,477,Panicum miliaceum,477,NA,annual,PacBio Sequel,NCBI,
BC404,NA,Panicum miliaceum,404,Panicum miliaceum,404,NA,annual,PacBio Sequel,NCBI,
BC382,NA,Panicum miliaceum,382,Panicum miliaceum,382,NA,annual,PacBio Sequel,NCBI,
BC100,NA,Panicum miliaceum,100,Panicum miliaceum,100,NA,annual,PacBio Sequel,NCBI,
P.virgatum_v5,NA,Panicum virgatum,AP13,Panicum virgatum,AP13,NA,perennial,PACBIO Sequel,NCBI,
MCRTL018,AT20TS1MCRTL018,Parahyparrhenia siamensis,Traiperm 583,Parahyparrhenia siamensis,Traiperm 583,NA,perennial,Illumina,PanAnd,
ASM2253091v1,NA,Paspalum notatum,China_baixicao-1,Paspalum notatum,China_baixicao-1,NA,perennial,PacBio,NCBI,
ASM3027231v1,NA,Paspalum vaginatum,SeaIsle2000,Paspalum vaginatum,SeaIsle2000,NA,perennial,PacBio; Illumina; 10x Genomics; Hi-C,NCBI,
P.vaginatum_v3.1,NA,Paspalum vaginatum,NA,Paspalum vaginatum,NA,NA,perennial,PacBio Sequel I,NCBI,
AN21TNTL0090,AN21TNTL0090,Phacelurus franksiae,Pasquet 1257,Phacelurus franksiae,Pasquet 1257,NA,NA,Illumina,PanAnd,
AN21TSTL0228,AN21TSTL0228,Phacelurus gabonensis,Pasquet 1224,Phacelurus gabonensis,Pasquet 1224,NA,perennial,Illumina,PanAnd,
AN22TNTL010,AN22TNTL010,Phacelurus huillensis,"Malcomber, Sitoni, Hemingway SM3100http://legacy.tropicos.org/Specimen/100382636",Phacelurus huillensis,NA,NA,perennial,Illumina,PanAnd,
AN21TSTL0229,AN21TSTL0229,Phacelurus schliebenii,Pasquet 1254,Phacelurus schliebenii,Pasquet 1254,NA,perennial,Illumina,PanAnd,
AN21TNTL0365,AN21TNTL0365,Phacelurus zea,CF van Beusekom 4267,Phacelurus zea,CF van Beusekom 4267,NA,perennial,Illumina,PanAnd,
ASM1935983v1,NA,Pharus latifolius,CRB341,Pharus latifolius,CRB341,NA,perennial,PacBio Sequel,NCBI,
lpPhrAust1.1,NA,Phragmites australis,NA,Phragmites australis,NA,NA,perennial,PacBio;Arima2,NCBI,
lpPhrAust1.1_alternate_haplotype,NA,Phragmites australis,NA,Phragmites australis,NA,NA,perennial,PacBio;Arima2,NCBI,
PauV1,NA,Phragmites australis,australis_Chloroplast haplotype M_PauV1,Phragmites australis,australis_Chloroplast haplotype M_PauV1,NA,perennial,PacBio RS,NCBI,
Phragmites_karka,NA,Phragmites karka,merged,Phragmites karka,merged,NA,perennial,Illumina,SRA,
Phyllostachys_bambusoides,NA,Phyllostachys bambusoides,merged,Phyllostachys bambusoides,merged,NA,perennial,Illumina,SRA,contaminated
SRR18367042,NA,Phyllostachys dulcis,NA,Phyllostachys dulcis,NA,NA,perennial,Illumina,SRA,
KIB_Pedu_3,NA,Phyllostachys edulis,GZH03,Phyllostachys edulis,GZH03,NA,perennial,Oxford Nanopore PromethION,NCBI,
ASM1103853v1,NA,Phyllostachys edulis,ICBR2013,Phyllostachys edulis,ICBR2013,NA,perennial,Illumina HiSeq,NCBI,
Phyllostachys_heteroclada,NA,Phyllostachys heteroclada,merged,Phyllostachys heteroclada,merged,NA,perennial,Illumina,SRA,contaminated
SRR12113912,NA,Phyllostachys nidularia,NA,Phyllostachys nidularia,NA,NA,perennial,Illumina,SRA,contaminated
Phyllostachys_nigra,NA,Phyllostachys nigra,merged,Phyllostachys nigra,merged,NA,perennial,Illumina,SRA,
SRR18367053,NA,Phyllostachys viridiglaucescens,NA,Phyllostachys viridiglaucescens,NA,NA,perennial,Illumina,SRA,
FRR_PoAnn_1.0,NA,Poa annua,MN234,Poa annua,MN234,NA,annual,PacBio RSII,NCBI,
Poa_infirma,NA,Poa infirma,NA,Poa infirma,NA,NA,annual,Pacbio,CoGE,
Pp-Kellogg1297-DRAFT-PanAnd-1.0,NA,Poa pratensis,Angustifolia,Poa pratensis,Angustifolia,NA,perennial,PacBio,PanAnd,
Poa_pratensis_v1,NA,Poa pratensis,NA,Poa pratensis,NA,NA,perennial,PacBio SEQUEL; Bionano,NCBI,
Poa_supina,NA,Poa supina,NA,Poa supina,NA,NA,perennial,Pacbio,CoGE,
A1063002,NA,Pogonatherum paniceum,NA,Pogonatherum paniceum,NA,NA,perennial,Illumina,PanAnd,
Pi-Clark-DRAFT-PanAnd-1.0,NA,Pogonatherum paniceum,Clark,Pogonatherum paniceum,NA,NA,perennial,PacBio,PanAnd,
MCRTL005,AT20TS1MCRTL005,Polytoca digitata,Traiperm & Layton 520,Polytoca digitata,Traiperm & Layton 520,NA,perennial,Illumina,PanAnd,
AN22TNTL080,AN22TNTL080,Polytoca massiei,Laegaard & Norsangsri 21717,Polytoca massiei,NA,NA,NA,Illumina,PanAnd,
AN21TSTL0181,AN21TSTL0181,Polytrias indica,Traiperm et al 570,Polytrias indica,Traiperm et al 570,NA,perennial,Illumina,PanAnd,
AN21TSTL0282,AN21TSTL0282,Pseudodichanthium serrafalcoides,PI 302063,Pseudodichanthium serrafalcoides,PI 302063,NA,annual,Illumina,PanAnd,
AN21TNTL0089,AN21TNTL0089,Pseudopogonatherum contortum,Traiperm et al 573,Pseudopogonatherum contortum,Traiperm et al 573,NA,NA,Illumina,PanAnd,
MCRTL033,AT20TN1MCRTL033,Pseudosorghum fasciculare,Traiperm et al. 512,Pseudosorghum fasciculare,Traiperm et al. 512,NA,annual,Illumina,PanAnd,
Puccinellia_tenuiflora_refer_1.0,NA,Puccinellia tenuiflora,NA,Puccinellia tenuiflora,NA,NA,perennial,PacBio; Illumina,NCBI,
ASM519143v1,NA,Raddia distichophylla,Brazil_RD-2015,Raddia distichophylla,Brazil_RD-2015,NA,perennial,Illumina HiSeq,NCBI,
KIB_Rgui_2,NA,Raddia guianensis,14019,Raddia guianensis,14019,NA,perennial,Oxford Nanopore PromethION,NCBI,
KIB_Rrac_1,NA,Rhipidocladum racemiflorum,GZH05,Rhipidocladum racemiflorum,GZH05,NA,perennial,Oxford Nanopore PromethION,NCBI,
AN21TNTL0355,AN21TNTL0355,Rhytachne glabra,"Bidault, Diabate, Mas 266",Rhytachne glabra,Bidault 266,NA,perennial,Illumina,PanAnd,
AN21TNTL0356,AN21TNTL0356,Rhytachne gonzalezii,"Ortiz, Ramia 3244",Rhytachne gonzalezii,NA,NA,annual,Illumina,PanAnd,
AN22TNTL086,AN22TNTL086,Rhytachne gracilis,IG Adam 12524,Rhytachne gracilis,NA,NA,annual,Illumina,PanAnd,
AN22TNTL143,AN22TNTL143,Rhytachne megastachya,CCH Jongkind 8333,Rhytachne megastachya,NA,NA,perennial,Illumina,PanAnd,
AN22TNTL087,AN22TNTL087,Rhytachne perfecta,Jennings 2,Rhytachne perfecta,NA,NA,perennial,Illumina,PanAnd,
Rr-Malcomber3106-DRAFT-PanAnd-1.0,NA,Rhytachne rottboellioides,Malcomber3106,Rhytachne rottboellioides,NA,NA,perennial,PacBio,PanAnd,
AN21TNTL0354,AN21TNTL0354,Rhytachne triaristata,Fay 5893,Rhytachne triaristata,NA,NA,annual,Illumina,PanAnd,
AN21TNTL0095,AN21TNTL0095,Rottboellia afraurita,Pasquet 1156,Rottboellia afraurita,Pasquet 1156,NA,NA,Illumina,PanAnd,
AN21TSTL0214,AN21TSTL0214,Rottboellia aurita,Welker 615-C,Rottboellia aurita,Welker 615-C,NA,perennial,Illumina,PanAnd,
AN22TNTL085,AN22TNTL085,Rottboellia balansae,DC Zappi 3249,Rottboellia balansae,NA,NA,NA,Illumina,PanAnd,
AN21TS43,AN21TSTL0043,Rottboellia campestris,Kew 286073,Rottboellia campestris,Kew 286073,NA,NA,Illumina,PanAnd,
MCRTL001,AT20TS1MCRTL001,Rottboellia campestris,Kellogg 1258,Rottboellia campestris,Kellogg 1258,NA,NA,Illumina,PanAnd,
AN22TNTL081,AN22TNTL081,Rottboellia cancellata,"Sorensen, Larsen, Hansen 2349",Rottboellia cancellata,NA,NA,NA,Illumina,PanAnd,
MCRTL007,AT20TS1MCRTL007,Rottboellia cochinchinensis,Layton and Zhong 158,Rottboellia cochinchinensis,Layton and Zhong 158,NA,annual,Illumina,PanAnd,
AN21TSTL0182,AN21TSTL0182,Rottboellia helferi,Traiperm 574,Rottboellia helferi,Traiperm 574,NA,NA,Illumina,PanAnd,
AN22TNTL164,AN22TNTL164,Rottboellia impressa,EL Ekman 1025,Rottboellia impressa,NA,NA,NA,Illumina,PanAnd,
MCRTL014,AT20TS1MCRTL014,Rottboellia rugosa,Layton & Zhong 162,Rottboellia rugosa,Layton & Zhong 162,NA,NA,Illumina,PanAnd,
MCRTL016,AT20TS1MCRTL016,Rottboellia tessellata,Layton & Zhong 160,Rottboellia tessellata,Layton & Zhong 160,NA,NA,Illumina,PanAnd,
Rt-Layton_Zhong169-DRAFT-PanAnd-1.0,NA,Rottboellia tuberculosa,Layton & Zhong 169,Rottboellia tuberculosa,NA,NA,perennial,PacBio,PanAnd,
AN21TS15,AN21TSTL0015,Saccharum alopecuroides,AUB 132,Saccharum alopecuroides,AUB 132,NA,perennial,Illumina,PanAnd,
AN21TSTL0201,AN21TSTL0201,Saccharum alopecuroides,IC 2,Saccharum alopecuroides,IC 2,NA,perennial,Illumina,PanAnd,
AN21TS65,AN21TSTL0065,Saccharum angustifolium,Welker 345,Saccharum angustifolium,Welker 345,NA,perennial,Illumina,PanAnd,
AN22TNTL141,AN22TNTL141,Saccharum asperum,HS Irwin et al 12544,Saccharum asperum,NA,NA,perennial,Illumina,PanAnd,
AN21TSTL0009,AN21TSTL0009,Saccharum baldwinii,AUB 118,Saccharum baldwinii,AUB 118,NA,perennial,Illumina,PanAnd,
AN21TS44,AN21TSTL0044,Omit,Omit,Saccharum brevibarbe,MIA 33319,NA,perennial,Illumina,PanAnd,
AN22TNTL007,AN22TNTL007,Saccharum coarctatum,Camilo Quarin 3605,Saccharum coarctatum,NA,NA,perennial,Illumina,PanAnd,
AN21TSTL0202,AN21TSTL0202,Saccharum contortum,IC 4,Saccharum contortum,IC 4,NA,NA,Illumina,PanAnd,
AN21TSTL0212,AN21TSTL0212,Saccharum fallax,Huq; Mia 10270,Saccharum fallax,Huq; Mia 10270,NA,perennial,Illumina,PanAnd,
AN22TNTL090,AN22TNTL090,Saccharum filifolium,Rechinger 35755,Saccharum filifolium,NA,NA,perennial,Illumina,PanAnd,
SRR20072574,NA,Saccharum fulvum,NA,Saccharum fulvum,NA,NA,NA,Illumina,SRA,
AN21TNTL0363,AN21TNTL0363,Saccharum giganteum,Harrey 8098,Saccharum giganteum,Harrey 8098,NA,perennial,Illumina,PanAnd,
AN21TSTL0270,AN21TSTL0270,Saccharum giganteum,W6 57576,Saccharum giganteum,W6 57576,NA,perennial,Illumina,PanAnd,
AN22TNTL008,AN22TNTL008,Saccharum griffithii,"A Manoutcheri, P Allen 2039",Saccharum griffithii,NA,NA,perennial,Illumina,PanAnd,
AN20T024,AN20TSCR000223,Lasiorhachis hildebrandtii,NOP 146,Saccharum hildebrandtii,NOP 146,NA,perennial,Illumina,PanAnd,
AN22TNTL091,AN22TNTL091,Saccharum kajkaiense,NA,Saccharum kajkaiense,NA,NA,perennial,Illumina,PanAnd,
SRR7121975,NA,Saccharum longisetosum,NA,Saccharum longisetosum,NA,NA,perennial,other_shortread,SRA,
AN21TSTL0250,AN21TSTL0250,Omit,Omit,Saccharum narenga,PI 246359,NA,perennial,Illumina,PanAnd,
AN22TNTL009,AN22TNTL009,Saccharum officinarum,"Grayum, Herrera, Schatz 4034",Saccharum officinarum,NA,NA,perennial,Illumina,PanAnd,
ASM2063173v1,NA,Saccharum officinarum,LA-purple,Saccharum officinarum,LA-purple,NA,perennial,PacBio RSII; Illumina,NCBI,
AN21TS26,AN21TSTL0026,Saccharum robustum,PI 88670,Saccharum robustum,PI 88670,NA,perennial,Illumina,PanAnd,
AN22TNTL092,AN22TNTL092,Saccharum sikkimense,Grierson & Long 2834,Saccharum sikkimense,NA,NA,perennial,Illumina,PanAnd,
AN21TSTL0204,AN21TSTL0204,Saccharum sinense,MIA 34057,Saccharum sinense,MIA 34057,NA,perennial,Illumina,PanAnd,
ASM2245720v1,NA,Saccharum spontaneum,Np-X,Saccharum spontaneum,Np-X,NA,perennial,Illumina; PacBio,NCBI,
Sspon.HiC_chr_asm,NA,Saccharum spontaneum,AP85-441,Saccharum spontaneum,AP85-441,NA,perennial,Illumina; PacBio RSII,NCBI,
Sugarcane_genome,NA,Saccharum spontaneum,GXS87-16,Saccharum spontaneum,GXS87-16,NA,perennial,NA,NCBI,
AN21TNTL0362,AN21TNTL0362,Tripidium strictum,R. Kral 64488,Saccharum strictum,NA,NA,perennial,Illumina,PanAnd,
AN21TS64,AN21TSTL0064,Saccharum villosum,Welker 520,Saccharum villosum,Welker 520,NA,perennial,Illumina,PanAnd,
AN22TNTL093,AN22TNTL093,Saccharum williamsii,"Stainton, Sykes, Williams 4499",Saccharum williamsii,NA,NA,perennial,Illumina,PanAnd,
MCRTL025,AT20TN1MCRTL025,Schizachyrium brevifolium,Kellogg/Kew MSB 443797,Schizachyrium brevifolium,Kellogg/Kew MSB 443797,NA,annual,Illumina,PanAnd,
MCRTL027,AT20TN1MCRTL027,Schizachyrium brevifolium,Simon Laegaard 21753,Schizachyrium brevifolium,Simon Laegaard 21753,NA,annual,Illumina,PanAnd,
AT20TN1MCRTL048,AT20TN1MCRTL048,Schizachyrium cirratum,Tellez V. 11596,Schizachyrium cirratum,Tellez V. 11596,NA,perennial,Illumina,PanAnd,
AN21TS66,AN21TSTL0066,Schizachyrium condensatum,Welker 235,Schizachyrium condensatum,Welker 235,NA,perennial,Illumina,PanAnd,
AN21TNTL0352,AN21TNTL0352,Schizachyrium crinizonatum,BM Stuckey 281,Schizachyrium crinizonatum,BM Stuckey 281,NA,annual,Illumina,PanAnd,
AN22TNTL158,AN22TNTL158,Schizachyrium cubense,EL Ekman 12147,Schizachyrium cubense,NA,NA,perennial,Illumina,PanAnd,
AN21TNTL0345,AN21TNTL0345,Schizachyrium delavayi,Li Heng 9029,Schizachyrium delavayi,Li Heng 9029,NA,perennial,Illumina,PanAnd,
MCRTL063,AT20TN1MCRTL063,Schizachyrium delicatum,John M. Fay 5914,Schizachyrium delicatum,John M. Fay 5914,NA,annual,Illumina,PanAnd,
MCRTL035,AT20TN1MCRTL035,Schizachyrium exile,S. Bidgood; K. Hoenselaar; G. Leliyo; & K. Vollesen 5825,Schizachyrium exile,S. Bidgood; K. Hoenselaar; G. Leliyo; & K. Vollesen 5825,NA,annual,Illumina,PanAnd,
MCRTL062,AT20TN1MCRTL062,Schizachyrium fragile,Henkvanderwerff 11529,Schizachyrium fragile,Henkvanderwerff 11529,NA,annual,Illumina,PanAnd,
AN21TS67,AN21TSTL0067,Schizachyrium glaziovii,Welker 416,Schizachyrium glaziovii,Welker 416,NA,NA,Illumina,PanAnd,
AN22TNTL146,AN22TNTL146,Schizachyrium gracile,"WE Harmon, JD Dwyer 2795",Schizachyrium gracile,NA,NA,perennial,Illumina,PanAnd,
AN21TS68,AN21TSTL0068,Schizachyrium gracilipes,Welker 600-A,Schizachyrium gracilipes,Welker 600-A,NA,perennial,Illumina,PanAnd,
MCRTL061,AT20TN1MCRTL061,Schizachyrium gresicola,Jacques-Felix 7171,Schizachyrium gresicola,Jacques-Felix 7171,NA,perennial,Illumina,PanAnd,
AN21TS69,AN21TSTL0069,Schizachyrium hatschbachii,Welker 423,Schizachyrium hatschbachii,Welker 423,NA,perennial,Illumina,PanAnd,
AN21TNTL0137,AN21TNTL0137,Schizachyrium jeffreysii,Pasquet 1204,Schizachyrium jeffreysii,Pasquet 1204,NA,perennial,Illumina,PanAnd,
AN22TNTL159,AN22TNTL159,Schizachyrium kwiluense,H Vanderyst 4724,Schizachyrium kwiluense,NA,NA,perennial,Illumina,PanAnd,
MCRTL049,AT20TN1MCRTL049,Schizachyrium lomaense,A.M.B. Feika; I. Darbyshire; R. Clark ; M.S. James 46,Schizachyrium lomaense,A.M.B. Feika; I. Darbyshire; R. Clark ; M.S. James 46,NA,perennial,Illumina,PanAnd,
AN21TNTL0343,AN21TNTL0343,Schizachyrium maclaudii,MSM Sosef 2717,Schizachyrium maclaudii,MSM Sosef 2717,NA,annual,Illumina,PanAnd,
MCRTL069,AT20TN1MCRTL069,Schizachyrium microstachyum,Kendall Lee 39,Schizachyrium microstachyum,Kendall Lee 39,NA,perennial,Illumina,PanAnd,
Sm-PI203595-DRAFT-PanAnd-1.0,NA,Schizachyrium microstachyum,PI203595,Schizachyrium microstachyum,NA,NA,perennial,PacBio,PanAnd,
AN22TNTL157,AN22TNTL157,Schizachyrium muelleri,Hitchcock 264,Schizachyrium muelleri,NA,NA,perennial,Illumina,PanAnd,
AN21TNTL0344,AN21TNTL0344,Schizachyrium nodulosum,Oumorou 1103,Schizachyrium nodulosum,Oumorou 1103,NA,annual,Illumina,PanAnd,
AN21TNTL0346,AN21TNTL0346,Schizachyrium platyphyllum,MSM Sosef 2718,Schizachyrium platyphyllum,MSM Sosef 2718,NA,annual or perennial,Illumina,PanAnd,
MCRTL030,AT20TN1MCRTL030,Schizachyrium pseudeulalia,I.D. Cowie 11907,Schizachyrium pseudeulalia,I.D. Cowie 11907,NA,annual,Illumina,PanAnd,
AN21TNTL0347,AN21TNTL0347,Schizachyrium pulchellum,JJFF de Wilde 11158,Schizachyrium pulchellum,NA,NA,perennial,Illumina,PanAnd,
AT20TN1MCRTL038,AT20TN1MCRTL038,Schizachyrium reedii,E.L. Ekman 17186,Schizachyrium reedii,E.L. Ekman 17186,NA,perennial,Illumina,PanAnd,
AN21TS11,AN21TSTL0011,Schizachyrium rhizomatum,AUB 128,Schizachyrium rhizomatum,AUB 128,NA,perennial,Illumina,PanAnd,
AN21TNTL0348,AN21TNTL0348,Schizachyrium rupestre,CCH Jongkind 3174,Schizachyrium rupestre,CCH Jongkind 3174,NA,perennial,Illumina,PanAnd,
AN22TNTL096,AN22TNTL096,Schizachyrium salzmannii,Welker 357-1,Schizachyrium salzmannii,NA,NA,perennial,Illumina,PanAnd,
AN21TS05,AN21TSTL0005,Omit,Omit,Schizachyrium sanguineum,AUB 139,NA,perennial,Illumina,PanAnd,
AT20TN1MCRTL034,AT20TN1MCRTL034,Schizachyrium sanguineum,Liz Makings 3834,Schizachyrium sanguineum,Liz Makings 3834,NA,perennial,Illumina,PanAnd,
MCRTL039,AT20TN1MCRTL039,Schizachyrium sanguineum,Pasquet 1177,Schizachyrium sanguineum,Pasquet 1177,NA,perennial,Illumina,PanAnd,
MCRTL052,AT20TN1MCRTL052,Schizachyrium sanguineum,Pasquet 1167,Schizachyrium sanguineum,Pasquet 1167,NA,perennial,Illumina,PanAnd,
AN21TSTL0070,AN21TSTL0070,Schizachyrium scabriflorum,Welker 585-A,Schizachyrium scabriflorum,Welker 585-A,NA,perennial,Illumina,PanAnd,
Ss-CAM1384-DRAFT-PanAnd-1.0,NA,Schizachyrium scoparium,CAM1384,Schizachyrium scoparium,NA,NA,perennial,PacBio,PanAnd,
AN21TNTL0341,AN21TNTL0341,Schizachyrium semitectum,Peterson; Garcia 20211,Schizachyrium semitectum,Peterson; Garcia 20211,NA,annual,Illumina,PanAnd,
AN21TS71,AN21TSTL0071,Schizachyrium spicatum,Welker 580-A,Schizachyrium spicatum,Welker 580-A,NA,perennial,Illumina,PanAnd,
MCRTL060,AT20TN1MCRTL060,Schizachyrium spicatum,Elsa MatildeZardini & Tulio Tilleria 38574,Schizachyrium spicatum,Elsa MatildeZardini & Tulio Tilleria 38574,NA,perennial,Illumina,PanAnd,
AN21TSTL0205,AN21TSTL0205,Omit,Omit,Schizachyrium stoloniferum,AUB 131,NA,NA,Illumina,PanAnd,
AN21TNTL0339,AN21TNTL0339,Schizachyrium sulcatum,Killeen 2084,Schizachyrium sulcatum,NA,NA,annual,Illumina,PanAnd,
AN21TSTL0072,AN21TSTL0072,Schizachyrium tenerum,Welker 427,Schizachyrium tenerum,Welker 427,NA,perennial,Illumina,PanAnd,
MCRTL054,AT20TN1MCRTL054,Schizachyrium thollonii,Pasquet 1260,Schizachyrium thollonii,Pasquet 1260,NA,perennial,Illumina,PanAnd,
MCRTL066,AT20TN1MCRTL066,Schizachyrium thollonii,L. Liben 3613,Schizachyrium thollonii,L. Liben 3613,NA,perennial,Illumina,PanAnd,
SRR12113330,NA,Schizostachyum dumetorum,NA,Schizostachyum dumetorum,NA,NA,perennial,Illumina,SRA,
Rye_Lo7_2018_v1p1p1,NA,Secale cereale,NA,Secale cereale,NA,NA,annual,NA,NCBI,
HAU_Weining_v1.0,NA,Secale cereale,Weining,Secale cereale,Weining,NA,annual,PacBio RS,NCBI,
SRR15440587,NA,Secale sylvestre,NA,Secale sylvestre,NA,NA,annual,other_shortread,SRA,
AN21TNTL0353,AN21TNTL0353,Sehima ischaemoides,Bingham 479,Sehima ischaemoides,NA,NA,annual,Illumina,PanAnd,
AN22TNTL144,AN22TNTL144,Sehima nervosa,ID Cowie 12012,Sehima nervosa,NA,NA,NA,Illumina,PanAnd,
AN22TNTL160,AN22TNTL160,Sehima sulcata,Duthie 9968,Sehima sulcata,NA,NA,NA,Illumina,PanAnd,
Setaria_italica_v2.0,NA,Setaria italica,Yugu1,Setaria italica,Yugu1,NA,annual,ABI 3739,NCBI,
ASM165260v1,NA,Setaria italica,TT8,Setaria italica,TT8,NA,annual,454; Illumina HiSeq; Illumina MiSeq,NCBI,
Setaria_viridis_v2.0,NA,Setaria viridis,A10,Setaria viridis,A10,NA,annual,PacBio Sequel,NCBI,
ASM1293433v1,NA,Setaria viridis,ME034v,Setaria viridis,ME034v,NA,annual,Oxford Nanopore MinION; Illumina,NCBI,
AN21TNTL0292,AN21TNTL0292,Sorghastrum balansae,Hassler 8420,Sorghastrum balansae,NA,NA,perennial,Illumina,PanAnd,
AN21TS27,AN21TSTL0027,Sorghastrum elliottii,PI 674985,Sorghastrum elliottii,PI 674985,NA,perennial,Illumina,PanAnd,
AN21TNTL0091,AN21TNTL0091,Sorghastrum fuscescens,Pasquet 1241,Sorghastrum fuscescens,Pasquet 1241,NA,perennial,Illumina,PanAnd,
AN22TNTL148,AN22TNTL148,Sorghastrum incompletum,"ML Fonseca, RC Mendon�a, BAS Pereira, E Cardoso",Sorghastrum incompletum,NA,NA,annual,Illumina,PanAnd,
AN20T026,AN20TSCR000225,Sorghastrum nudipes,JO 1104,Sorghastrum nudipes,JO 1104,NA,perennial,Illumina,PanAnd,
Sn-CAM1369-DRAFT-PanAnd-1.0,NA,Sorghastrum nutans,CAM1369,Sorghastrum nutans,NA,NA,perennial,PacBio,PanAnd,
AN21TSTL0275,AN21TSTL0275,Sorghastrum pellitum,PI 310307,Sorghastrum pellitum,PI 310307,NA,perennial,Illumina,PanAnd,
AN21TNTL0092,AN21TNTL0092,Sorghastrum pogonostachyum,Pasquet 1258,Sorghastrum pogonostachyum,Pasquet 1258,NA,perennial,Illumina,PanAnd,
AN21TS21,AN21TSTL0021,Eremochloa zeylanica,PI 647884,Sorghastrum secundum,AUB 138,NA,perennial,Illumina,PanAnd,
AN21TS29,AN21TSTL0029,Sorghastrum secundum,AUB 115,Sorghastrum secundum,AUB 115,NA,perennial,Illumina,PanAnd,
AN21TSTL0207,AN21TSTL0207,Sorghastrum stipoides,Zardini and Velazquez 25569,Sorghastrum stipoides,Zardini and Velazquez 25569,NA,perennial,Illumina,PanAnd,
AN22TNTL147,AN22TNTL147,Sorghastrum viride,JR Swallen 8617,Sorghastrum viride,NA,NA,perennial,Illumina,PanAnd,
AN20TSCR000210,AN20TSCR000210,Sorghum arundinaceum,AUB & Bookout 106,Sorghum arundinaceum,AUB & Bookout 106,NA,annual or perennial,Illumina,PanAnd,
AN21TSTL0215,AN21TSTL0215,Bothriochloa woodrovii,PI 301732,Sorghum arundinaceum,AUB & Bookout 106,NA,annual or perennial,Illumina,PanAnd,
AN21TSTL0224,AN21TSTL0224,Sorghum arundinaceum,AUB & Bookout 106,Sorghum arundinaceum,AUB & Bookout 106,NA,annual or perennial,Illumina,PanAnd,
Sorghum_bicolor_NCBIv3,NA,Sorghum bicolor,BTx623,Sorghum bicolor,BTx623,NA,annual,Sanger; Illumina,NCBI,
ASM3354695v1,NA,Sorghum bicolor,Hongyingzi,Sorghum bicolor,Hongyingzi,NA,annual,Oxford Nanopore PromethION; PacBio Sequel; HiC,NCBI,
ASM3354697v1,NA,Sorghum bicolor,Huandiaonuo,Sorghum bicolor,Huandiaonuo,NA,annual,Oxford Nanopore PromethION; PacBio Sequel; HiC,NCBI,
TX2783,NA,Sorghum bicolor,NA,Sorghum bicolor,NA,NA,annual,NA,NCBI,
CPNAM-Leoti,NA,Sorghum bicolor,NA,Sorghum bicolor,NA,NA,annual,PacBio,NCBI,
Sorghum_brachypodum,NA,Sorghum brachypodum,merged,Sorghum brachypodum,merged,NA,annual,Illumina,SRA,
AN22TNTL165,AN22TNTL165,Sorghum controversum,JD Snowden 2/1966,Sorghum controversum,NA,NA,perennial,Illumina,PanAnd,
Sorghum_halepense,NA,Sorghum halepense,merged,Sorghum halepense,merged,NA,perennial,Illumina,SRA,
AN21TNTL0301,AN21TNTL0301,Sorghum intrans,A-2785-I (cultivated),Sorghum intrans,NA,NA,annual,Illumina,PanAnd,
AN21TSTL0257,AN21TSTL0257,Sorghum laxiflorum,ID Cowie 11967,Sorghum laxiflorum,ID Cowie 11967,NA,annual,Illumina,PanAnd,
Sorghum_leiocladum,NA,Sorghum leiocladum,merged,Sorghum leiocladum,merged,NA,perennial,Illumina,SRA,
AN21TNTL0304,AN21TNTL0304,Sorghum matarankense,ID Cowie 12798,Sorghum matarankense,ID Cowie 12798,NA,annual,Illumina,PanAnd,
AN21TNTL0294,AN21TNTL0294,Sorghum propinquum,Davidse; Sumithraarachchi 8856,Sorghum propinquum,Davidse; Sumithraarachchi 8856,NA,perennial,Illumina,PanAnd,
Sorghum_purpureosericeum,NA,Sorghum purpureosericeum,merged,Sorghum purpureosericeum,merged,NA,annual,Illumina,SRA,
AN21TSTL0256,AN21TSTL0256,Sorghum stipoideum,ID Cowie 12383,Sorghum stipoideum,ID Cowie 12383,NA,annual,Illumina,PanAnd,
AN21TNTL0291,AN21TNTL0291,Sorghum timorense,"ID Cowie, SL Dillon 9568",Sorghum timorense,NA,NA,annual,Illumina,PanAnd,
AN21TNTL0293,AN21TNTL0293,Sorghum trichocladum,"Breedlove, Davidse 54623",Sorghum trichocladum,NA,NA,perennial,Illumina,PanAnd,
AN22TNTL152,AN22TNTL152,Sorghum versicolor,P Kuchar 24498,Sorghum versicolor,NA,NA,annual or perennial,Illumina,PanAnd,
AN22TNTL088,AN22TNTL088,Sorghum virgatum,Hepper 3033,Sorghum virgatum,NA,NA,annual,Illumina,PanAnd,
AN21TNTL0296,AN21TNTL0296,Spodiopogon cotulifer,S Tsugaru; Makoto Sawada 19481,Spodiopogon cotulifer,S Tsugaru; Makoto Sawada 19481,NA,perennial,Illumina,PanAnd,
AN21TNTL0302,AN21TNTL0302,Spodiopogon depauperatus,S Tsugaru 13450,Spodiopogon depauperatus,NA,NA,perennial,Illumina,PanAnd,
AN21TNTL0299,AN21TNTL0299,Spodiopogon duclouxii,Wang Xi-qu 96182,Spodiopogon duclouxii,NA,NA,perennial,Illumina,PanAnd,
AN21TNTL0298,AN21TNTL0298,Spodiopogon lacei,W Nanakorn 1251,Spodiopogon lacei,NA,NA,perennial,Illumina,PanAnd,
AN21TSTL0209,AN21TSTL0209,Spodiopogon sibiricus,Yujiro Horii 35787,Spodiopogon sibiricus,Yujiro Horii 35787,NA,perennial,Illumina,PanAnd,
AN21TSTL0208,AN21TSTL0208,Spodiopogon tainanensis,RJ Soreng 5664,Spodiopogon tainanensis,RJ Soreng 5664,NA,perennial,Illumina,PanAnd,
ASM880805v3,NA,Sporobolus alterniflorus,RG_29706,Sporobolus alterniflorus,RG_29706,NA,perennial,Illumina,NCBI,
Sporobolus_pyramidalis,NA,Sporobolus pyramidalis,NA,Sporobolus pyramidalis,NA,NA,perennial,PacBio_Illumina,CoGE,
Sporobolus_stapfianus,NA,Sporobolus stapfianus,NA,Sporobolus stapfianus,NA,NA,perennial,PacBio_Illumina,CoGE,
TSU_Scap_1,NA,Stipa capillata,Kyrgyzstan_KRA0496240,Stipa capillata,Kyrgyzstan_KRA0496240,NA,perennial,PacBio Sequel,NCBI,
ISU_Sangustifolia_v1,NA,Streptochaeta angustifolia,Wildtype,Streptochaeta angustifolia,Wildtype,NA,perennial,Illumina; Bionano,NCBI,
AN22TNTL154,AN22TNTL154,Thaumastochloa major,ID Cowie 12384,Thaumastochloa major,NA,NA,annual,Illumina,PanAnd,
AN21TNTL0135,AN21TNTL0135,Thaumastochloa striata,D.L. Lewis 886,Thaumastochloa striata,D.L. Lewis 886,NA,annual,Illumina,PanAnd,
Te-Pasquet1246-DRAFT-PanAnd-1.0,NA,Thelepogon elegans,Pasquet1246,Thelepogon elegans,NA,NA,annual,PacBio,PanAnd,
AN21TS18,AN21TSTL0018,Themeda anathera,PI 369159,Themeda anathera,PI 369159,NA,perennial,Illumina,PanAnd,
AN22TNTL134,AN22TNTL134,Themeda arguens,"P Traiperm, M Norsaengsri, W Chaisongkram, Layton 595",Themeda arguens,NA,NA,annual,Illumina,PanAnd,
AN20T012,AN20TSCR000216,Themeda avenacea,P.L. Harris 308,Themeda avenacea,AQ0476980,NA,perennial,Illumina,PanAnd,
AN21TSTL0258,AN21TSTL0258,Themeda caudata,Laegaard 21645B,Themeda caudata,Laegaard 21645B,NA,perennial,Illumina,PanAnd,
AN21TSTL0259,AN21TSTL0259,Themeda hookeri,DE Boufford et al 31057,Themeda hookeri,DE Boufford et al 31057,NA,perennial,Illumina,PanAnd,
AN20T009,AN20TSCR000213,Themeda quadrivalvis,"A.B. Pollack Turpin, G.",Themeda quadrivalvis,AQ0558662,NA,annual,Illumina,PanAnd,
Tt-AUB21_1-DRAFT-PanAnd-1.0,NA,Themeda triandra,AUB21,Themeda triandra,NA,NA,perennial,PacBio,PanAnd,
ASM1813568v1,NA,Themeda triandra,sf006,Themeda triandra,sf006,NA,perennial,Oxford Nanopore MinION,NCBI,
ASM2560326v1,NA,Themeda triandra,TtPh16-4,Themeda triandra,TtPh16-4,NA,perennial,PacBio Sequel,NCBI,
ASM1179987v1,NA,Thinopyrum elongatum,D-3458,Thinopyrum elongatum,D-3458,NA,perennial,Illumina HiSeq; PacBio Sequel,NCBI,
Tintermedium_770_v3.0,NA,Thinopyrum intermedium,NA,Thinopyrum intermedium,NA,NA,perennial,Pacbio,JGI,
4AgS,NA,Thinopyrum obtusiflorum,4AgS,Thinopyrum obtusiflorum,4AgS,NA,perennial,Illumina HiSeq; PacBio,NCBI,
MCRTL023,AT20TS1MCRTL023,Trachypogon chevalieri,Pasquet 1190,Trachypogon chevalieri,Pasquet 1190,NA,perennial,Illumina,PanAnd,
MCRTL017,AT20TS1MCRTL017,Trachypogon spicatus,Pasquet 1109,Trachypogon spicatus,Pasquet 1109,NA,perennial,Illumina,PanAnd,
AN21TSTL0251,AN21TSTL0251,Tripidium arundinaceum,PI 423243,Tripidium arundinaceum,PI 423243,NA,perennial,Illumina,PanAnd,
ASM3043976v1,NA,Tripidium arundinaceum,1679-33_China,Tripidium arundinaceum,1679-33_China,NA,perennial,PacBio Sequel II,NCBI,
Tripidium_ravennae,NA,Tripidium ravennae,merged,Tripidium ravennae,merged,NA,perennial,Illumina,SRA,
Tripogon_filiformis,NA,Tripogon filiformis,NA,Tripogon filiformis,NA,NA,perennial,Pacbio,CoGE,
AN21TSTL0252,AN21TSTL0252,Tripsacum andersonii,MIA 34444,Tripsacum andersonii,MIA 34444,NA,perennial,Illumina,PanAnd,
AN21TSTL0045,AN21TSTL0045,Tripsacum australe,MIA 34497,Tripsacum australe,MIA 34497,NA,perennial,Illumina,PanAnd,
MCRTL009,AT20TS1MCRTL009,Tripsacum australe,MIA 34499,Tripsacum australe,MIA 34499,NA,perennial,Illumina,PanAnd,
AN21TSTL0206,AN21TSTL0206,Tripsacum cundinamarce,MIA 34644,Tripsacum cundinamarce,MIA 34644,NA,perennial,Illumina,PanAnd,
Td-McKain334_5-DRAFT-PanAnd-1.0,NA,Tripsacum dactyloides,McKain,Tripsacum dactyloides,McKain,NA,perennial,PacBio,PanAnd,
Td-FL_9056069_6-REFERENCE-PanAnd-2.0a,NA,Tripsacum dactyloides,FL_South,Tripsacum dactyloides,FL_South,NA,perennial,PacBio,PanAnd,
Td-FL_9056069_6-REFERENCE-PanAnd-2.0b,NA,Tripsacum dactyloides,FL_South,Tripsacum dactyloides,FL_South,NA,perennial,PacBio,PanAnd,
Td-KS_B6_1-REFERENCE-PanAnd-2.0a,NA,Tripsacum dactyloides,KS_North,Tripsacum dactyloides,KS_North,NA,perennial,PacBio,PanAnd,
Td-KS_B6_1-REFERENCE-PanAnd-2.0b,NA,Tripsacum dactyloides,KS_North,Tripsacum dactyloides,KS_North,NA,perennial,PacBio,PanAnd,
AN21TSTL0013,AN21TSTL0013,Tripsacum jalapense,MIA 34722,Tripsacum jalapense,MIA 34722,NA,perennial,Illumina,PanAnd,
AN21TSTL0048,AN21TSTL0048,Tripsacum lanceolatum,MIA 34718,Tripsacum lanceolatum,MIA 34718,NA,perennial,Illumina,PanAnd,
AN21TSTL0254,AN21TSTL0254,Tripsacum lanceolatum,E. Anderson sn,Tripsacum lanceolatum,E. Anderson sn,NA,perennial,Illumina,PanAnd,
AN21TNTL0131,AN21TNTL0131,Tripsacum latifolium,W.E. Harmon; J.A. Fuentes 2183,Tripsacum latifolium,W.E. Harmon; J.A. Fuentes 2183,NA,perennial,Illumina,PanAnd,
AN21TS46,AN21TSTL0046,Tripsacum laxum,MIA 34790,Tripsacum laxum,MIA 34790,NA,perennial,Illumina,PanAnd,
MCRTL002,AT20TS1MCRTL002,Tripsacum laxum,MIA 34792,Tripsacum laxum,MIA 34792,NA,perennial,Illumina,PanAnd,
AN22TNTL021,AN22TNTL021,Tripsacum manisuroides,Breedlove 28030,Tripsacum manisuroides,NA,NA,perennial,Illumina,PanAnd,
AN21TSTL0047,AN21TSTL0047,Tripsacum peruvianum,MIA 34502,Tripsacum peruvianum,MIA 34502,NA,perennial,Illumina,PanAnd,
AN21TNTL0132,AN21TNTL0132,Tripsacum pilosum,Breedlove; Davidse 54015,Tripsacum pilosum,Breedlove; Davidse 54015,NA,perennial,Illumina,PanAnd,
Tz-DC_05_58_3A-DRAFT-PanAnd-1.0,NA,Tripsacum zopolitense,Dc_05_58_3A,Tripsacum zopolitense,NA,NA,NA,PacBio,PanAnd,
IWGSC_CS_RefSeq_v2.1,NA,Triticum aestivum,Chinese Spring,Triticum aestivum,Chinese Spring,NA,annual,PacBio; Illumina HiSeq,NCBI,
10wheat_assembly_lancer,NA,Triticum aestivum,LongReach Lancer,Triticum aestivum,LongReach Lancer,NA,annual,NA,NCBI,
10wheat_assembly_stanley,NA,Triticum aestivum,CDC Stanley,Triticum aestivum,CDC Stanley,NA,annual,NA,NCBI,
10wheat_assembly_jagger,NA,Triticum aestivum,Jagger,Triticum aestivum,Jagger,NA,annual,NA,NCBI,
Triticum_aestivum_Claire_EIv1.1,NA,Triticum aestivum,NA,Triticum aestivum,NA,NA,annual,NA,NCBI,
WEW_v2.1,NA,Triticum dicoccoides,Zavitan_Atlit2015,Triticum dicoccoides,Zavitan_Atlit2015,NA,annual,Illumina HiSeq,NCBI,
PI306540_Tmono,NA,Triticum monococcum,PI 306540,Triticum monococcum,PI 306540,NA,annual,PacBio Sequel,NCBI,
Triticum_petropavlovskyi,NA,Triticum petropavlovskyi,merged,Triticum petropavlovskyi,merged,NA,annual,Illumina,SRA,
SRR13484808,NA,Triticum timopheevii,NA,Triticum timopheevii,NA,NA,annual,Illumina,SRA,
Svevo.v1,NA,Triticum turgidum,durum,Triticum turgidum,durum,NA,annual,NA,NCBI,
ASM2338475v1,NA,Triticum turgidum,durum_Eichenbarlebener_winter,Triticum turgidum,durum_Eichenbarlebener_winter,NA,annual,Illumina NovaSeq,NCBI,
ASM2338477v1,NA,Triticum turgidum,durum_PI 94633_spring,Triticum turgidum,durum_PI 94633_spring,NA,annual,Illumina NovaSeq,NCBI,
ASM2338479v1,NA,Triticum turgidum,GZ1_spring,Triticum turgidum,GZ1_spring,NA,annual,Illumina NovaSeq,NCBI,
Tu2.1,NA,Triticum urartu,G1812,Triticum urartu,G1812,NA,annual,Illumina HiSeq; PacBio,NCBI,
lpTucGree1.0.hap1,NA,Tuctoria greenei,TUGR.3,Tuctoria greenei,TUGR.3,NA,annual,PacBio Sequel IIe; Illumina NovaSeq 6000; Dovetail OmniC,NCBI,
lpTucGree1.0.hap2,NA,Tuctoria greenei,TUGR.3,Tuctoria greenei,TUGR.3,NA,annual,PacBio Sequel IIe; Illumina NovaSeq 6000; Dovetail OmniC,NCBI,
AN22TSTL001,NA,Unknown,NA,Unknown,NA,NA,NA,Illumina,PanAnd,
AN20T027,AN20TSCR000226,Urelytrum agropyroides,MSV 750,Urelytrum agropyroides,MSV 750,NA,perennial,Illumina,PanAnd,
MCRTL011,AT20TS1MCRTL011,Urelytrum agropyroides,Pasquet 1233,Urelytrum agropyroides,Pasquet 1233,NA,perennial,Illumina,PanAnd,
A1076001,NA,Urelytrum digitatum,NA,Urelytrum digitatum,NA,NA,perennial,Illumina,PanAnd,
Ud-Pasquet1171-DRAFT-PanAnd-1.0,NA,Urelytrum digitatum,Pasquet1171,Urelytrum digitatum,NA,NA,perennial,PacBio,PanAnd,
AN22TNTL166,AN22TNTL166,Urelytrum giganteum,Boudet-Bille 1622,Urelytrum giganteum,NA,NA,perennial,Illumina,PanAnd,
AN22TNTL105,AN22TNTL105,Urelytrum henrardii,BL Mitchell 12/56,Urelytrum henrardii,NA,NA,perennial,Illumina,PanAnd,
Urochloa_brizantha,NA,Urochloa brizantha,merged,Urochloa brizantha,merged,NA,perennial,Illumina,SRA,
Embrapa_Uruz_1.0,NA,Urochloa ruziziensis,Clone 69,Urochloa ruziziensis,Clone 69,NA,perennial,PacBio Sequel; Illumina HiSeq,NCBI,
Bruz,NA,Urochloa ruziziensis,CIAT26162,Urochloa ruziziensis,CIAT26162,NA,perennial,Illumina; PacBio,NCBI,
A1077002,NA,Vossia cuspidata,NA,Vossia cuspidata,NA,NA,perennial,Illumina,PanAnd,
Vc-Pasquet1098-DRAFT-PanAnd-1.0,NA,Vossia cuspidata,Pasquet1098,Vossia cuspidata,NA,NA,perennial,PacBio,PanAnd,
AN21TS49,AN21TSTL0049,Zea diploperennis,PI 441930,Zea diploperennis,PI 441930,NA,perennial,Illumina,PanAnd,
MCRTL020,AT20TS1MCRTL020,Zea diploperennis,Guzman & Nee PI 441930,Zea diploperennis,Guzman & Nee PI 441930,NA,perennial,Illumina,PanAnd,
Zd-Gigi-REFERENCE-PanAnd-1.0,NA,Zea diploperennis,Gigi,Zea diploperennis,NA,NA,perennial,PacBio,PanAnd,
Zd-Momo-REFERENCE-PanAnd-1.0,NA,Zea diploperennis,Momo,Zea diploperennis,NA,NA,perennial,PacBio,PanAnd,
Zl-RIL003-REFERENCE-PanAnd-1.0,NA,Zea luxurians,RIL003,Zea luxurians,NA,NA,annual,PacBio,PanAnd,
ASM2944929v1,NA,Zea luxurians,PI422162,Zea luxurians,PI422162,NA,annual,PacBio,NCBI,
Zm-B73-REFERENCE-NAM-5.0,NA,Zea mays,B73,Zea mays,B73,NA,annual,NA,NCBI,
Zm-Mo17-REFERENCE-CAU-T2T-assembly,NA,Zea mays,Mo17-2021,Zea mays,Mo17-2021,NA,annual,Oxford Nanopore PromethION; PacBio,NCBI,
Zm-NC350-REFERENCE-NAM-1.0,NA,Zea mays,NC350,Zea mays,NC350,NA,annual,NA,NCBI,
Zm-P39-REFERENCE-NAM-1.0,NA,Zea mays,P39,Zea mays,P39,NA,annual,NA,NCBI,
Zm-CML322-REFERENCE-NAM-1.0,NA,Zea mays,CML322,Zea mays,CML322,NA,annual,NA,NCBI,
Zh-RIMHU001-REFERENCE-PanAnd-1.0,NA,Zea mays subsp. huehuetenangensis,RIMHU001,Zea mays subsp . huehuetenangensis,RIMHU001,NA,annual,PacBio,PanAnd,
Zx-PI566673-REFERENCE-YAN-1.0,NA,Zea mays subsp. mexicana,PI566673,Zea mays subsp. mexicana,PI566673,Zea mexicana,annual,NA,NA,
Zx-TIL18-REFERENCE-PanAnd-1.0,NA,Zea mays subsp. mexicana,TIL18,Zea mays subsp. mexicana,TIL18,Zea mexicana,annual,PacBio,PanAnd,
Zx-TIL25-REFERENCE-PanAnd-1.0,NA,Zea mays subsp. mexicana,TIL25,Zea mays subsp. mexicana,TIL25,Zea mexicana,annual,PacBio,PanAnd,
Zv-TIL01-REFERENCE-PanAnd-1.0,NA,Zea mays subsp. parviglumis,TIL01,Zea mays subsp. parviglumis,TIL01,NA,annual,PacBio,PanAnd,
Zv-TIL11-REFERENCE-PanAnd-1.0,NA,Zea mays subsp. parviglumis,TIL11,Zea mays subsp. parviglumis,TIL11,NA,annual,PacBio,PanAnd,
AT20TS1MCRTL012,AT20TS1MCRTL012,Zea nicaraguensis,MOBOT,Zea nicaraguensis,MOBOT,NA,annual,Illumina,PanAnd,
Zn-PI615697-REFERENCE-PanAnd-1.0,NA,Zea nicaraguensis,PI615697,Zea nicaraguensis,PI615697,NA,annual,PacBio,PanAnd,
AN21TNTL0368,AN21TNTL0368,Zea perennis,Iltis 1050,Zea perennis,Iltis 1050,NA,perennial,Illumina,PanAnd,
Zizania_latifolia_v01,NA,Zizania latifolia,NA,Zizania latifolia,NA,NA,perennial,Illumina HiSeq,NCBI,
ASM1927943v1,NA,Zizania palustris,Itasca-C12,Zizania palustris,Itasca-C12,NA,annual,PacBio,NCBI,
ASM160227v1,NA,Zoysia japonica,Nagirizaki,Zoysia japonica,Nagirizaki,NA,perennial,Illumina HiSeq2000; Illumina MiSeq,NCBI,
SRR23951516,NA,Zoysia macrostachya,NA,Zoysia macrostachya,NA,NA,perennial,Nanopore,SRA,
ASM160229v1,NA,Zoysia matrella,Wakaba,Zoysia matrella,Wakaba,NA,perennial,Illumina HiSeq2000; Illumina MiSeq,NCBI,
ASM160231v1,NA,Zoysia pacifica,Zanpa,Zoysia pacifica,Zanpa,NA,perennial,Illumina HiSeq2000; Illumina MiSeq,NCBI,
Zoysia_sinica,NA,Zoysia sinica,merged,Zoysia sinica,merged,NA,perennial,Nanopore,SRA,
